"id","userId","searchDate","networkCount","offenseType"
"57dc63c9-9ca1-411b-93c4-9b57677bff22","***","2026-09-07T00:59:21.301Z","761","Larceny/Theft Offenses"
"0db2bb2f-7c8f-48a2-9d95-1972911b60be","***","2026-09-07T02:15:42.089Z","147","Drugs/Narcotics"
"68d0ff12-f2d2-45ed-85cf-e24fcf7ff1b8","***","2026-09-07T02:16:08.502Z","147","Wanted Person (Arrest Warrant/Fugitive)"
"49ec4028-5c1a-4ab9-bce0-a7d09e29c7b4","***","2026-09-07T04:51:55.140Z","147","Wanted Person (Arrest Warrant/Fugitive)"
"ad5f79f3-244c-4e7a-890b-3be377f25388","***","2026-09-07T05:43:09.841Z","147","Motor Vehicle Theft/Stolen"
"190e3277-1b48-40e1-9329-8988ff610d58","***","2026-09-07T05:43:12.778Z","3","Motor Vehicle Theft/Stolen"
"264ab3f1-af4a-4cfc-8a71-b712a7fb1e2c","***","2026-09-07T05:44:39.647Z","147","Motor Vehicle Theft/Stolen"
"14ffbd0a-ef90-40f6-b1cc-f709677946a8","***","2026-09-07T05:44:51.380Z","147","Motor Vehicle Theft/Stolen"
"f3fb4fc1-fed7-4b29-82fb-da7ed9bfd1b4","***","2026-09-07T05:48:13.798Z","147","Motor Vehicle Theft/Stolen"
"4e76c763-25a0-4813-9650-47290e31a19f","***","2026-09-07T05:49:22.860Z","132","Motor Vehicle Theft/Stolen"
"4b2be08e-fa38-4db8-b795-6ae75b818275","***","2026-09-07T05:52:37.805Z","760","Animal Offenses (cruelty/neglect)"
"d5482613-a8d0-4f8e-ab34-46c0ffda6b86","***","2026-09-07T06:01:42.797Z","132","Motor Vehicle Theft/Stolen"
"11231f57-d8ea-4dec-90ac-ae7034b8aad1","***","2026-09-07T06:05:25.438Z","147","Motor Vehicle Theft/Stolen"
"4237fb35-9bf3-4980-9136-95aafbcf0b4c","***","2026-09-07T06:16:41.214Z","147","Motor Vehicle Theft/Stolen"
"9673d31c-4729-4965-9c64-08f24948f216","***","2026-09-07T06:21:51.802Z","761","Obstructing the Police (Fleeing/Eluding)"
"fb29282c-c669-45c2-949b-f6695e7d52fd","***","2026-09-07T06:23:27.536Z","3","Motor Vehicle Theft/Stolen"
"87cb292f-bc0c-4ef6-9c25-4eb55e504187","***","2026-09-07T06:56:32.098Z","3","Motor Vehicle Theft/Stolen"
"fc2b3693-4764-4fbc-9440-10837517a74e","***","2026-09-07T07:01:28.725Z","3","Motor Vehicle Theft/Stolen"
"f573a043-53ea-4f98-a773-8db55a481cde","***","2026-09-07T07:01:57.836Z","761","Obstructing the Police (Fleeing/Eluding)"
"c99b708a-0188-4b88-9c22-3c273c3e6ec8","***","2026-09-07T07:30:54.555Z","4","Weapons Offense (Guns/Shots Fired)"
"6878689c-0f70-4382-a416-eb692c635b69","***","2026-09-07T07:51:59.008Z","147","Assault/Battery Offenses (Domestic)"
"2d99ba81-66aa-4863-80e2-a545aca05549","***","2026-09-07T08:25:49.000Z","761","Obstructing the Police (Fleeing/Eluding)"
"bd6d9a02-b2fc-4cd2-a562-48d17d17c979","***","2026-09-07T08:48:15.460Z","762","Motor Vehicle Theft/Stolen"
"2e300b66-1fad-4941-9b6a-acee42b31770","***","2026-09-07T09:06:20.173Z","3","Motor Vehicle Theft/Stolen"
"4547e72a-4294-4dd6-858a-1acb320a7097","***","2026-09-07T09:13:02.330Z","147","Motor Vehicle Theft/Stolen"
"60a76d3b-dc83-4668-a1b5-f9945eadc23a","***","2026-09-07T09:43:16.487Z","762","Motor Vehicle Theft/Stolen"
"f6df6505-feed-4d5e-b2f5-81be024c46f2","***","2026-09-07T10:26:23.457Z","147","Motor Vehicle Theft/Stolen"
"7174a5c6-3bd5-44fa-ba95-ac2eea04684d","***","2026-09-07T11:53:02.372Z","146","Financial Crime (Embezzlement/Fraud)"
"0918965a-30d0-4bdb-8051-b7bf3ae8fc04","***","2026-09-07T12:00:05.195Z","1","Financial Crime (Embezzlement/Fraud)"
"956f5ce2-d7f2-4f89-bbf9-4bacbd5cd4c6","***","2026-09-07T12:00:29.514Z","147","Motor Vehicle Theft/Stolen"
"965f5c82-8872-4aa8-8dfa-d93a86666c8b","***","2026-09-07T16:01:23.164Z","1","Financial Crime (Embezzlement/Fraud)"
"b29eda7b-5616-4bf9-8fd3-b63c94bf9ffc","***","2026-09-07T20:23:09.783Z","147","Kidnapping/Abduction"
"d9526b7f-5680-4e7a-a850-72304f751601","***","2026-09-07T21:15:28.414Z","147","Kidnapping/Abduction"
"60d8892c-3609-46c9-8166-a357082f7c4c","***","2026-09-07T23:30:50.441Z","147","Motor Vehicle Theft/Stolen"
"c90e9545-df0a-4312-bd53-e1633b45ce2d","***","2026-09-08T00:03:25.117Z","146","Financial Crime (Embezzlement/Fraud)"
"008adba4-f40d-48b1-92b8-83f10f055579","***","2026-09-08T02:57:47.775Z","761","Hit and Run/Car Accident"
"54f79e10-db8f-4b24-8491-888f2a433a89","***","2026-09-08T02:58:06.522Z","761","Hit and Run/Car Accident"
"9a0011b4-c948-41e8-b8ef-d37ebe0473df","***","2026-09-08T05:57:23.774Z","147","Motor Vehicle Theft/Stolen"
"cc601997-2c80-4bc9-99f9-038071828bff","***","2026-09-08T10:49:48.874Z","147","Motor Vehicle Theft/Stolen"
"a61f600c-1ac4-4e52-87ff-b651db9abdee","***","2026-09-08T11:51:23.704Z","772","Homicide/Death Investigation"
"ddd42e82-8873-4591-9b7a-9a2c9858fff1","***","2026-09-08T12:00:43.524Z","772","Motor Vehicle Theft/Stolen"
"cf3e63f6-a6f7-4983-90dc-d47ce89a39e7","***","2026-09-08T12:11:32.169Z","147","Motor Vehicle Theft/Stolen"
"7a7589c7-fc4a-447d-a9b4-c91e0122b576","***","2026-09-08T13:13:41.817Z","132","Obstructing Justice"
"e6ed365a-e9f6-451d-8f52-b1d3bbe10663","***","2026-09-08T13:30:19.484Z","146","Stalking"
"1710b170-7f9e-4baf-a2fa-16d28aee5e72","***","2026-09-08T13:36:59.818Z","146","Obstructing Justice"
"ac74bb15-6920-4ce2-b29a-ec1025b37c54","***","2026-09-08T13:37:29.484Z","147","Motor Vehicle Theft/Stolen"
"be759c2f-4c35-427b-bd48-f5da1c907066","***","2026-09-08T13:45:18.702Z","3","Obstructing the Police (Fleeing/Eluding)"
"40d6b539-4e2e-4eed-aec1-cb6dc5de31ac","***","2026-09-08T13:45:39.702Z","146","Obstructing Justice"
"8efe3412-f413-4a3d-ae64-7eabb43aa6e1","***","2026-09-08T13:46:11.485Z","147","Motor Vehicle Theft/Stolen"
"ec2e4e32-a2ee-4368-b452-ee6d37d492ea","***","2026-09-08T13:49:30.180Z","2",""
"6082b28c-525b-48a7-b8c6-db9fd0f0477b","***","2026-09-08T14:00:56.145Z","3","Motor Vehicle Theft/Stolen"
"610d55a6-d203-4891-9250-e335e96ed3df","***","2026-09-08T14:16:09.838Z","2",""
"de9388b6-5a1d-41fd-87d4-371212263279","***","2026-09-08T14:30:25.597Z","2",""
"592b71d4-9174-43ac-8c40-7b05434e5609","***","2026-09-08T15:00:24.084Z","772","Homicide/Death Investigation"
"afa5370f-f22f-453b-8c3e-1d7c0dd39060","***","2026-09-08T15:00:48.270Z","147","Motor Vehicle Theft/Stolen"
"79c0592e-dd5a-4234-8c22-3562aa48d8d2","***","2026-09-08T15:23:15.570Z","3","Robbery"
"2660a526-dee1-4d6f-9761-6ddf69e15e57","***","2026-09-08T15:29:36.538Z","2",""
"783a7008-b639-4cba-9b06-cd35a0cf2e78","***","2026-09-08T16:06:19.564Z","147","Motor Vehicle Theft/Stolen"
"1d2be331-5422-4887-b5f2-ef4be205fa0f","***","2026-09-08T16:31:32.156Z","147","Motor Vehicle Theft/Stolen"
"fa9f7a1a-89c4-4393-b42d-5c38a4fee0c6","***","2026-09-08T17:23:49.758Z","3","Weapons Offense (Guns/Shots Fired)"
"cb831d64-a3a2-4500-96da-eaa19ab77d7c","***","2026-09-08T17:41:03.388Z","147","Motor Vehicle Theft/Stolen"
"22fe5a04-c54f-403a-93ea-c69a80ea3dcb","***","2026-09-08T17:42:04.134Z","132","Disorderly Conduct/Disturbance"
"0607b724-81a4-4896-ae3a-e229e5df7c1d","***","2026-09-08T17:45:39.269Z","757","Drugs/Narcotics"
"762eeaec-6577-4b70-8bdb-a2dc96bdfac0","***","2026-09-08T17:47:21.618Z","757","Drugs/Narcotics"
"2e68960e-0d89-4438-b809-2b684aec83c7","***","2026-09-08T18:01:58.965Z","757","Drugs/Narcotics"
"908f07f6-2928-40a4-9237-49cd1602795d","***","2026-09-08T18:05:54.848Z","757","Drugs/Narcotics"
"a6d7c085-b1e6-407c-b1ea-5394c8550b22","***","2026-09-08T18:12:47.714Z","147","Motor Vehicle Theft/Stolen"
"c8af5762-e117-4af7-b586-32a97fe22a40","***","2026-09-08T18:20:11.390Z","757","Homicide/Death Investigation"
"5b3bf862-9d9f-4e0a-8fb2-757ec0a4efa8","***","2026-09-08T18:36:13.160Z","767","Wanted Person (Arrest Warrant/Fugitive)"
"54318176-3421-4ae1-a5d1-9a2a4e1c304d","***","2026-09-08T18:51:21.071Z","767","Wanted Person (Arrest Warrant/Fugitive)"
"13b9120e-a0da-46b7-8457-0fbc44e117b8","***","2026-09-08T18:51:26.179Z","146","Criminal Motor Vehicle Offense (incl. Road Rage/Reckless)"
"9af0f47b-1922-4a50-96fd-7a00989a19e5","***","2026-09-08T19:41:10.202Z","767","Wanted Person (Arrest Warrant/Fugitive)"
"5d2629ee-f4c8-43ce-b694-0f9beb22f9ef","***","2026-09-08T19:47:40.398Z","757","Drugs/Narcotics"
"b8d8812d-dec0-4da7-92a1-a14d0d99f91c","***","2026-09-08T20:27:45.613Z","757","Drugs/Narcotics"
"2c8f7612-edcf-4608-8b3f-9a9280020cf4","***","2026-09-08T20:38:24.522Z","757","Drugs/Narcotics"
"6468a43e-152c-4d7a-b5e2-331ef72fc976","***","2026-09-08T20:39:25.900Z","757","Weapons Offense (Guns/Shots Fired)"
"886df17e-7994-491d-bd72-bf510048151a","***","2026-09-08T20:46:23.293Z","147","Motor Vehicle Theft/Stolen"
"f845d8e8-3a0e-4b5b-ad7c-5ccd83327f36","***","2026-09-08T23:54:35.133Z","767","Drugs/Narcotics"
"34fdc414-0232-447a-8df3-316524458261","***","2026-09-09T10:24:24.827Z","146","Hit and Run/Car Accident"
"dd7aa9ec-e85b-4fb9-8ce4-aef0a891aee0","***","2026-09-09T11:05:26.257Z","147","Motor Vehicle Theft/Stolen"
"dd0afa40-28a0-4da2-bdb4-a13992596a18","***","2026-09-09T11:12:40.907Z","147","Motor Vehicle Theft/Stolen"
"9305bfc0-a26b-4833-9251-5d68e190a75a","***","2026-09-09T11:29:58.779Z","147","Motor Vehicle Theft/Stolen"
"d80d985b-17cc-4f2f-8fc0-e2f30f639470","***","2026-09-09T11:57:00.229Z","147","Motor Vehicle Theft/Stolen"
"420b8a3c-8f6e-4d58-a4fa-ccebb67c2e28","***","2026-09-09T12:31:25.339Z","147","Motor Vehicle Theft/Stolen"
"a2e58be7-26d6-4cc4-b1f2-7ba5bdcd0501","***","2026-09-09T12:35:05.178Z","769","Homicide/Death Investigation"
"34846645-72a6-4a3b-8268-c2dd6a85805e","***","2026-09-09T13:12:35.974Z","3","Drugs/Narcotics"
"20bccd99-4f1c-4f70-97b7-96e0cc1a6799","***","2026-09-09T13:13:02.434Z","3","Drugs/Narcotics"
"8923f597-b87f-4730-9c80-3ef4956052eb","***","2026-09-09T14:19:43.644Z","147","Motor Vehicle Theft/Stolen"
"f4aa9a85-1522-46eb-b125-407cdf255818","***","2026-09-09T16:15:18.725Z","756","Drugs/Narcotics"
"8355eb64-4083-4550-b0e9-e9a4175b7480","***","2026-09-09T16:44:46.460Z","147","Motor Vehicle Theft/Stolen"
"26a24415-b846-49e7-bc3e-d95a770a4a46","***","2026-09-09T16:47:07.096Z","755","Drugs/Narcotics"
"7fd691d5-4134-42fa-a743-3c65342a7a7c","***","2026-09-09T16:52:47.588Z","755","Drugs/Narcotics"
"97a6b6e0-c903-4088-ae44-9ff9d9073ad3","***","2026-09-09T17:12:19.938Z","755","Drugs/Narcotics"
"abba080f-2a48-4a6b-a31d-39d30db0376e","***","2026-09-09T17:50:21.521Z","754","Drugs/Narcotics"
"240d4690-8f7a-4666-a149-3e554f3d461c","***","2026-09-09T18:09:28.195Z","754","Drugs/Narcotics"
"5ae39cae-f798-4e34-a760-0690433be17b","***","2026-09-09T18:25:52.638Z","754","Drugs/Narcotics"
"520a9b3f-9174-4167-b271-4cae6136cef3","***","2026-09-09T18:52:55.756Z","147","Motor Vehicle Theft/Stolen"
"643c7b42-a9b5-4bf6-b4c8-dfa64378b773","***","2026-09-09T19:39:22.873Z","764","Weapons Offense (Guns/Shots Fired)"
"35b373a4-7e22-43b4-a190-e4512364a143","***","2026-09-09T20:33:21.624Z","146","Sex Offenses"
"e21c6d04-afae-45a9-a683-124e8d868210","***","2026-09-09T21:21:24.041Z","754","Drugs/Narcotics"
"e4cfc2eb-88a8-48f7-8cf3-3f3940454552","***","2026-09-09T21:26:53.377Z","754","Weapons Offense (Guns/Shots Fired)"
"165075d6-0229-43bf-a7dc-f0341e4c4839","***","2026-09-09T22:01:02.850Z","754","Weapons Offense (Guns/Shots Fired)"
"6b4023a6-bf43-43cb-83b3-fff509673845","***","2026-09-09T22:22:53.935Z","764","Weapons Offense (Guns/Shots Fired)"
"9da4bc74-6ce9-45e1-b4c2-7da7957b5be9","***","2026-09-09T22:44:57.638Z","754","Drugs/Narcotics"
"a3a6f572-df6d-4e56-8755-307b903ccbcd","***","2026-09-09T23:01:52.194Z","754","Drugs/Narcotics"
"0181c2f7-3db7-431c-9d9d-61c2f428cb7e","***","2026-09-09T23:28:20.398Z","2","Weapons Offense (Guns/Shots Fired)"
"45b1013f-a04f-409d-811c-01cf881274dd","***","2026-09-09T23:46:47.346Z","147","Wanted Person (Arrest Warrant/Fugitive)"
"8e9b323c-df49-4871-8477-d3a207b099c1","***","2026-09-10T00:38:05.089Z","753","Drugs/Narcotics"
"78b998ae-2894-4fe3-b81c-0945eae0da45","***","2026-09-10T01:13:58.570Z","3","Weapons Offense (Guns/Shots Fired)"
"062ec669-3a59-43c3-a055-643776a953e4","***","2026-09-10T02:21:29.778Z","756","Robbery"
"af92d0fd-97b3-4fc7-b277-9c24146cd498","***","2026-09-10T03:01:08.277Z","146","Larceny/Theft Offenses"
"cf8bd9e9-c2ae-46d0-9028-6c6fd3aab36e","***","2026-09-10T05:34:03.391Z","147","Wanted Person (Arrest Warrant/Fugitive)"
"4af1127a-7fc4-4d91-93e8-0464b7f37d1a","***","2026-09-10T06:50:00.679Z","147","Wanted Person (Arrest Warrant/Fugitive)"
"4edba988-44f1-4d2e-bfa9-613c4b76afb1","***","2026-09-10T07:47:39.403Z","147","Wanted Person (Arrest Warrant/Fugitive)"
"1e62e95b-fd2c-4587-9700-8dbdf02830b5","***","2026-09-10T09:15:30.165Z","147","Wanted Person (Arrest Warrant/Fugitive)"
"e6701e92-86ae-42e7-b095-0c43c4bedc0e","***","2026-09-10T10:30:34.502Z","1","Homicide/Death Investigation"
"65fe913d-ec4a-4267-86d0-a0b0d393797d","***","2026-09-10T11:33:57.169Z","147","Motor Vehicle Theft/Stolen"
"0ec88ebd-9780-48ea-b894-69a7f979caa9","***","2026-09-10T11:37:38.450Z","766","Homicide/Death Investigation"
"61da9f63-5f29-4dee-bc08-c90697bb6860","***","2026-09-10T12:03:33.111Z","147","Motor Vehicle Theft/Stolen"
"a10b3342-4149-427d-a300-472f1d2f6268","***","2026-09-10T13:18:04.594Z","766","Homicide/Death Investigation"
"a9306cba-a461-412b-bb66-c07f54d227f5","***","2026-09-10T13:23:02.005Z","2",""
"976aee25-97bd-4bc0-a6d8-01f3351dac7d","***","2026-09-10T13:25:00.567Z","764","Weapons Offense (Guns/Shots Fired)"
"cbda73f6-36dd-48eb-80f6-51be85dfc2e4","***","2026-09-10T13:46:51.335Z","147","Motor Vehicle Theft/Stolen"
"6b57b541-0328-459e-b3fa-0395e9238485","***","2026-09-10T14:05:06.064Z","147","Motor Vehicle Theft/Stolen"
"bea39642-33bd-470e-9a8e-99ccff0b27e7","***","2026-09-10T14:05:50.529Z","147","Wanted Person (Arrest Warrant/Fugitive)"
"88dcd5a9-28a6-40de-b450-00bc6b97da8e","***","2026-09-10T14:44:17.045Z","754","Drugs/Narcotics"
"f066adb8-b5cd-438d-aee8-cbc64d326fe6","***","2026-09-10T14:57:07.779Z","1","Homicide/Death Investigation"
"f8e9b4de-4730-433a-b033-616a8879a313","***","2026-09-10T15:01:00.163Z","754","Homicide/Death Investigation"
"c5f99a65-8930-405b-98eb-6350dbc6c012","***","2026-09-10T15:05:06.235Z","147","Motor Vehicle Theft/Stolen"
"b0bb7add-f324-4118-af9e-fa2b9552ff3b","***","2026-09-10T15:42:38.062Z","753","Drugs/Narcotics"
"638fa05b-fcb7-481c-a92c-3ed18d5855e8","***","2026-09-10T16:24:02.756Z","752","Drugs/Narcotics"
"007c822f-b3b6-44aa-8ccd-834d1788c73e","***","2026-09-10T16:35:22.149Z","147","Motor Vehicle Theft/Stolen"
"84ccd8be-600f-42f9-b8b6-3f921cffc11b","***","2026-09-10T16:48:56.086Z","752","Drugs/Narcotics"
"0699bc2e-2ba8-4420-9c06-d5ac744d0024","***","2026-09-10T17:04:00.695Z","147","Motor Vehicle Theft/Stolen"
"7e82340b-9236-4f67-8b62-ffa991304fcb","***","2026-09-10T17:04:27.485Z","751","Drugs/Narcotics"
"76159402-9bd4-4cb8-8c6c-2500aea3a453","***","2026-09-10T17:58:39.026Z","3","Motor Vehicle Theft/Stolen"
"d4d42ec5-0a8d-495b-855b-c330e529f34c","***","2026-09-10T18:06:26.635Z","3","Motor Vehicle Theft/Stolen"
"fe8335f9-9242-4a87-a07c-dd983d4432af","***","2026-09-10T18:10:22.840Z","147","Motor Vehicle Theft/Stolen"
"b7af29d9-ccc8-4004-a521-46630506d10c","***","2026-09-10T18:19:33.365Z","751","Drugs/Narcotics"
"eaea5003-a9a7-441a-abf4-5c9cfbb6b5fd","***","2026-09-10T19:01:00.916Z","3","Motor Vehicle Theft/Stolen"
"b9dfb9dc-99e0-43b7-bf97-28492316131a","***","2026-09-10T19:24:20.335Z","147","Motor Vehicle Theft/Stolen"
"484168d1-f1b3-4a8f-8cde-b8db6f59342d","***","2026-09-10T20:13:19.829Z","147","Motor Vehicle Theft/Stolen"
"187e32ad-f3f0-4ccd-984c-c4f8a9d62bfc","***","2026-09-10T20:29:56.549Z","3","Motor Vehicle Theft/Stolen"
"cd40d385-8cd2-47c4-bb8f-cc293a3ea966","***","2026-09-10T20:30:33.824Z","3","Homicide/Death Investigation"
"abb3722c-4702-4c67-a5d3-57e5c9b08c04","***","2026-09-10T21:01:01.325Z","3","Motor Vehicle Theft/Stolen"
"f7902c9b-920f-411f-b84b-1bb0a078fbca","***","2026-09-10T21:50:43.401Z","147","Motor Vehicle Theft/Stolen"
"0dae59d5-9a48-43ac-b184-71f1e9a7d017","***","2026-09-10T22:33:09.416Z","3","Larceny/Theft Offenses"
"e9050808-bedc-495b-8135-f9d1dc875a6d","***","2026-09-11T00:56:07.649Z","753","Obstructing the Police (Fleeing/Eluding)"
"42a32e57-ca98-4adc-8577-735e66118f83","***","2026-09-11T00:56:34.134Z","753","Obstructing the Police (Fleeing/Eluding)"
"1c617a62-dca1-4b90-b26b-875820183bf7","***","2026-09-11T00:58:47.967Z","146","Obstructing the Police (Fleeing/Eluding)"
"41a90edc-2083-44e5-bcce-80a9c6d12239","***","2026-09-11T01:07:43.979Z","753","Obstructing the Police (Fleeing/Eluding)"
"190dd92e-3956-4898-9fa1-dff4d85050ed","***","2026-09-11T01:07:51.340Z","146","Obstructing the Police (Fleeing/Eluding)"
"843d39d3-7e01-420e-9fae-bd3c1fe56f5d","***","2026-09-11T01:15:16.149Z","2",""
"5a148855-dd52-4c7f-947d-fbe66938e4f8","***","2026-09-11T01:43:13.434Z","761","Financial Crime (Embezzlement/Fraud)"
"751865c0-74d3-4a99-a784-a5211677462f","***","2026-09-11T02:06:00.207Z","3","Obstructing the Police (Fleeing/Eluding)"
"b8a7eb68-4ef8-486a-b21b-accd3f6e4df2","***","2026-09-11T02:22:24.244Z","147","Drugs/Narcotics"
"fa48398a-6a38-4e14-90ae-8c5645d054e4","***","2026-09-11T02:59:01.081Z","146","Obstructing the Police (Fleeing/Eluding)"
"afb77ad3-9856-4ccb-bb44-e645d4af7a5c","***","2026-09-11T03:04:23.754Z","753","Obstructing the Police (Fleeing/Eluding)"
"7683fa17-10ba-48fc-a3f8-a43d3cf5829f","***","2026-09-11T03:14:59.684Z","3","Drugs/Narcotics"
"f43e15ef-b6be-4104-9eb7-878d2a2d7302","***","2026-09-11T04:15:50.838Z","753","Obstructing the Police (Fleeing/Eluding)"
"55ea5d60-37ff-4c9e-93f5-06b770732271","***","2026-09-11T04:32:22.189Z","146","Obstructing the Police (Fleeing/Eluding)"
"a4d6563e-770f-4a30-9df2-3e225c0d7b28","***","2026-09-11T06:14:33.662Z","146","Larceny/Theft Offenses"
"3e56b7fc-89c6-4d48-b1cb-f953b3ab4aa9","***","2026-09-11T07:47:15.058Z","2","Hit and Run/Car Accident"
"4c1c0f8a-e627-4436-8ed3-c26985d91ab4","***","2026-09-11T10:06:12.062Z","764","Homicide/Death Investigation"
"e3bb9a9f-0aee-43b7-9fc3-bfb10719635f","***","2026-09-11T13:00:44.349Z","146","Hit and Run/Car Accident"
"2b660fcf-e8b1-4f63-9d65-14747507c362","***","2026-09-11T14:46:43.597Z","751","Drugs/Narcotics"
"0532daec-97bb-4a13-a433-ac9e12f21dd9","***","2026-09-11T15:06:42.301Z","751","Drugs/Narcotics"
"819a604b-9ef1-4cae-8924-ef8bea83beb6","***","2026-09-11T15:37:32.591Z","761","Financial Crime (Embezzlement/Fraud)"
"a78cc1df-7b7d-4e6a-9291-8a63236f2a17","***","2026-09-11T16:03:34.608Z","751","Weapons Offense (Guns/Shots Fired)"
"100b1e14-2db1-4cd8-b970-0b58b680c143","***","2026-09-11T16:03:38.037Z","762","Weapons Offense (Guns/Shots Fired)"
"4d06db08-8f00-489a-ba44-9859759ddc02","***","2026-09-11T16:49:55.242Z","1","Homicide/Death Investigation"
"2b55a915-9501-454d-84dc-63c3d79b9fce","***","2026-09-11T16:57:12.957Z","750","Weapons Offense (Guns/Shots Fired)"
"2e146fab-7c80-49a8-96cc-a6ff273c2dc1","***","2026-09-11T17:50:43.052Z","759","Drugs/Narcotics"
"41cbc724-2f60-4b4e-b629-e26ae76733c7","***","2026-09-11T17:58:33.188Z","748","Weapons Offense (Guns/Shots Fired)"
"b7542f0d-8ea9-458f-bd8e-c194ac7d8a95","***","2026-09-11T18:01:20.384Z","748","Weapons Offense (Guns/Shots Fired)"
"0863af4d-e78f-4e02-b15a-2dae282189c2","***","2026-09-11T19:22:37.952Z","147","Motor Vehicle Theft/Stolen"
"ebf5159d-169b-4efa-b491-583028c82dad","***","2026-09-11T21:21:17.515Z","146","Hit and Run/Car Accident"
"32eb978d-1cc1-4529-a7da-349a45f92225","***","2026-09-11T21:29:20.714Z","747","Weapons Offense (Guns/Shots Fired)"
"df36cb98-f4f3-4f76-bd3d-ad49078b4d49","***","2026-09-11T21:35:27.511Z","747","Wanted Person (Arrest Warrant/Fugitive)"
"a075f904-c60a-4a29-ace5-b872ee1e391a","***","2026-09-11T23:01:41.922Z","747","Wanted Person (Arrest Warrant/Fugitive)"
"e4c12787-d9d8-47a7-be16-2c3d9d67d893","***","2026-09-12T01:50:46.595Z","750","Stolen Property Offenses"
"95a51254-a9e9-4b90-a8c8-d035dd97f2ef","***","2026-09-12T09:14:05.124Z","750","Motor Vehicle Theft/Stolen"
"0caa5259-05c8-48f3-834e-720d6b183cd0","***","2026-09-12T10:27:52.964Z","8","Motor Vehicle Theft/Stolen"
"ea3f47b5-3c0b-4cb2-8d14-73ac66195cf0","***","2026-09-12T10:55:18.477Z","147","Motor Vehicle Theft/Stolen"
"d05d8b37-87b9-4267-b27c-5fcacb47128c","***","2026-09-12T11:40:30.118Z","147","Motor Vehicle Theft/Stolen"
"b0b121e4-d2f4-46b0-bd4e-dafc994bc096","***","2026-09-12T11:50:32.389Z","3","Motor Vehicle Theft/Stolen"
"3092304a-c373-40d6-92b2-fcb03d30d7b9","***","2026-09-12T11:56:11.859Z","8","Motor Vehicle Theft/Stolen"
"ad04fd33-7d9d-4fce-83de-ddb9404ec247","***","2026-09-12T12:03:34.626Z","147","Motor Vehicle Theft/Stolen"
"3ca4ed35-757f-469f-bc47-163f9e42633d","***","2026-09-12T12:17:19.005Z","3","Wanted Person (Arrest Warrant/Fugitive)"
"749d0b4c-64ea-4c6f-b22a-5bc477aed3a7","***","2026-09-12T12:45:51.967Z","2",""
"dbc550f2-942f-4543-b85a-2eba19a944a2","***","2026-09-12T13:25:52.010Z","3","Wanted Person (Arrest Warrant/Fugitive)"
"f9fc707a-7874-4946-9332-394169e056ce","***","2026-09-12T13:43:38.523Z","3","Motor Vehicle Theft/Stolen"
"03953754-65b8-43c6-aa18-06d5c2e556f4","***","2026-09-12T13:55:51.614Z","3","Motor Vehicle Theft/Stolen"
"5741373a-be90-429c-a5a7-4da50caf0033","***","2026-09-12T14:04:10.188Z","132","Motor Vehicle Theft/Stolen"
"c12895dd-968c-4a29-9607-7c466a586577","***","2026-09-12T14:13:46.829Z","3","Motor Vehicle Theft/Stolen"
"54ec0bd2-6773-4708-b715-fd8e2ad4659f","***","2026-09-12T14:26:48.958Z","147","Motor Vehicle Theft/Stolen"
"7e50300e-1007-43d7-8eb0-0bdb4a4cbddb","***","2026-09-12T14:44:27.976Z","147","Wanted Person (Arrest Warrant/Fugitive)"
"6f533898-afc1-4d7b-952f-d51803638a82","***","2026-09-12T14:53:36.174Z","132","Wanted Person (Arrest Warrant/Fugitive)"
"2c067b87-4d0f-4a0a-a7e1-50724bbdd4a4","***","2026-09-12T14:59:26.399Z","147","Wanted Person (Arrest Warrant/Fugitive)"
"ba5fab2d-756e-48c2-8c2a-d332c7d57fff","***","2026-09-12T15:02:26.420Z","147","Wanted Person (Arrest Warrant/Fugitive)"
"ee3e6b75-724a-45f0-83ba-ee810c81f4f9","***","2026-09-12T15:03:12.365Z","3","Motor Vehicle Theft/Stolen"
"618f4526-154d-4717-a350-4e6858ba4fbf","***","2026-09-12T15:03:31.391Z","132","Wanted Person (Arrest Warrant/Fugitive)"
"cf0aa64a-29f6-4338-834e-16f4b13cf9c3","***","2026-09-12T15:08:13.726Z","3","Motor Vehicle Theft/Stolen"
"20ef5a33-05cf-4a04-93e8-a5a64a56044d","***","2026-09-12T15:19:53.403Z","147","Weapons Offense (Guns/Shots Fired)"
"b710a6a2-8a78-48ee-ac7d-1f0a8516f43c","***","2026-09-12T15:27:07.047Z","147","Wanted Person (Arrest Warrant/Fugitive)"
"4643c26a-8bbc-43c9-94db-dc24b4ad92c5","***","2026-09-12T15:27:50.512Z","3","Motor Vehicle Theft/Stolen"
"823758a8-8c95-4385-86f7-30413ab043cb","***","2026-09-12T15:31:31.325Z","2",""
"12847e8d-b976-49d3-8134-9d99b0f76aef","***","2026-09-12T15:35:06.575Z","3","Motor Vehicle Theft/Stolen"
"715dc28a-7c7f-449f-b037-980ff9b7f727","***","2026-09-12T15:43:29.315Z","147","Motor Vehicle Theft/Stolen"
"53a1f4c9-ddb1-4cab-b9bb-0aee2c944a9a","***","2026-09-12T16:01:59.721Z","3","Motor Vehicle Theft/Stolen"
"c5a33afa-77cc-4031-811c-e58629190ddf","***","2026-09-12T16:12:05.376Z","3","Motor Vehicle Theft/Stolen"
"d6e0e8d7-006b-4279-bb28-7955e1a92a60","***","2026-09-12T16:12:06.761Z","147","Motor Vehicle Theft/Stolen"
"2d17638b-e678-4a00-9293-8ff734ce76c4","***","2026-09-12T16:13:36.990Z","147","Wanted Person (Arrest Warrant/Fugitive)"
"3663ccb0-3afa-4f1f-8d02-ba14f54b467a","***","2026-09-12T16:36:04.026Z","132","Motor Vehicle Theft/Stolen"
"52f9baf9-72ef-4910-9208-1d964ac6c894","***","2026-09-12T16:44:38.791Z","3","Wanted Person (Arrest Warrant/Fugitive)"
"61dc38d2-883a-433b-84ee-bd47f173155f","***","2026-09-12T16:44:40.687Z","147","Motor Vehicle Theft/Stolen"
"7984c27d-bb85-41de-81e8-593e706d9acf","***","2026-09-12T17:13:14.439Z","147","Motor Vehicle Theft/Stolen"
"bf7279d1-ca62-4d32-bd35-efaa1724a5cf","***","2026-09-12T17:19:23.864Z","3","Motor Vehicle Theft/Stolen"
"bfaeb850-da3e-4f81-a576-3748e9d6bbda","***","2026-09-12T17:21:54.347Z","3","Motor Vehicle Theft/Stolen"
"7b7ac79f-1ec4-4c17-9096-652ab69365b3","***","2026-09-12T17:39:26.048Z","147","Wanted Person (Arrest Warrant/Fugitive)"
"e2557ace-36a6-4e33-9d9b-c147136c160d","***","2026-09-12T17:52:18.310Z","3","Wanted Person (Arrest Warrant/Fugitive)"
"b0819781-7a83-4086-9df5-dcfba5f76eee","***","2026-09-12T17:57:28.393Z","147","Wanted Person (Arrest Warrant/Fugitive)"
"5b9045b4-b39a-49e8-b711-641289a7ae95","***","2026-09-12T18:00:38.447Z","147","Motor Vehicle Theft/Stolen"
"da5a1942-c8d5-40f7-ab6a-51b1763db476","***","2026-09-12T18:02:06.158Z","3","Motor Vehicle Theft/Stolen"
"0866c7c4-58a2-451b-8dcf-18004b972e50","***","2026-09-12T18:06:46.094Z","132","Motor Vehicle Theft/Stolen"
"3648c572-271e-4da8-8578-7b0a21b18d60","***","2026-09-12T18:16:52.039Z","147","Wanted Person (Arrest Warrant/Fugitive)"
"24fb6e81-2ec9-4b3f-913a-605abafc7861","***","2026-09-12T18:18:49.400Z","3","Weapons Offense (Guns/Shots Fired)"
"2daad70b-3cf9-4180-a985-f27da38508cb","***","2026-09-12T19:00:22.478Z","3","Motor Vehicle Theft/Stolen"
"f75b2d89-1e76-4118-8596-a14bb13243c6","***","2026-09-12T19:10:06.927Z","3","Motor Vehicle Theft/Stolen"
"3c364298-0bb8-4248-8dcb-b35ae586672b","***","2026-09-12T19:30:36.765Z","3","Motor Vehicle Theft/Stolen"
"f1156647-777a-4ebf-b6a7-e5cf7318248b","***","2026-09-12T19:33:16.453Z","146","Obstructing the Police (Fleeing/Eluding)"
"270676fb-bb2a-410a-8ae2-8bd35ef6a042","***","2026-09-12T20:15:09.921Z","147","Motor Vehicle Theft/Stolen"
"00764dd7-d977-4125-8910-aea8ad4ed4b6","***","2026-09-12T20:18:18.516Z","3","Motor Vehicle Theft/Stolen"
"ba202a74-b966-4c44-91f1-42644822a99f","***","2026-09-12T21:48:12.125Z","146","Hit and Run/Car Accident"
"d6f06edd-d65a-425e-b026-5f0d522c56d4","***","2026-09-13T00:14:19.243Z","750","Motor Vehicle Theft/Stolen"
"f1b22369-4029-426c-b527-5607f7ba03a2","***","2026-09-13T02:33:13.648Z","147","Stolen Property Offenses"
"f4bb7dd1-b245-4b60-8762-b009c4ba9456","***","2026-09-13T10:12:38.701Z","147","Burglary/Breaking & Entering"
"75e2046a-4b61-4252-8f8c-b835da773263","***","2026-09-13T10:15:16.219Z","132","Burglary/Breaking & Entering"
"7f6da523-8a91-4dea-ba2a-8709c914441c","***","2026-09-13T10:27:01.633Z","3","Motor Vehicle Theft/Stolen"
"18807518-88cf-40a5-bd10-2f0d8850d47c","***","2026-09-13T11:06:02.047Z","146","Assault/Battery Offenses"
"a451b9a0-4014-4598-acbd-7fa1bd421f02","***","2026-09-13T11:08:03.211Z","2",""
"51f9b3dc-3325-4558-bfdd-d13a14b0116d","***","2026-09-13T11:35:29.208Z","147","Burglary/Breaking & Entering"
"4a768157-6d9d-4f59-97f7-ac04e9208d97","***","2026-09-13T11:36:10.250Z","3","Assault/Battery Offenses (Domestic)"
"0f52f94b-40b1-4b0e-a333-f46895681984","***","2026-09-13T11:50:02.224Z","1017","Assault/Battery Offenses"
"dcac0b0e-09c8-4d5d-8f2e-7310a6f019a7","***","2026-09-13T11:50:50.556Z","3","Larceny/Theft Offenses"
"589ec2de-391b-428e-a450-ca8db6486149","***","2026-09-13T12:01:20.206Z","3","Burglary/Breaking & Entering"
"2afee119-7a1b-4f96-8176-3cd748fbb26e","***","2026-09-13T14:24:33.966Z","147","Assault/Battery Offenses (Domestic)"
"58787541-eed5-4337-b3bc-c5453dfcde87","***","2026-09-13T15:19:53.012Z","2",""
"8f69ff65-c5a0-4ea5-9a15-24ce2bd20912","***","2026-09-13T17:11:28.740Z","147","Motor Vehicle Theft/Stolen"
"0342ee2b-7604-407b-a270-dbc93cbe51ad","***","2026-09-13T17:44:17.690Z","147","Assault/Battery Offenses (Domestic)"
"3dfce56d-70f2-4e0f-be08-ef37f371bd63","***","2026-09-13T18:21:43.020Z","147","Assault/Battery Offenses (Domestic)"
"5a64b9ea-09fa-42f1-8622-c59bf110b4e5","***","2026-09-13T18:26:38.647Z","1","Weapons Offense (Guns/Shots Fired)"
"c913c1c6-ab2f-4eef-8277-858cba544135","***","2026-09-13T19:38:50.148Z","3","Obstructing the Police (Fleeing/Eluding)"
"03ac7286-63f0-4d72-af1d-12a8d9587c4a","***","2026-09-13T19:46:10.091Z","147","Assault/Battery Offenses (Domestic)"
"f19bd9e0-fd13-4603-945a-e3995f126af4","***","2026-09-14T01:48:03.846Z","1","Weapons Offense (Guns/Shots Fired)"
"a8bbe254-08e4-4aaa-bbad-0c863c1c2e65","***","2026-09-14T02:03:41.904Z","750","Weapons Offense (Guns/Shots Fired)"
"c41da800-bddf-4683-9755-9d9d7afcec12","***","2026-09-14T02:05:13.765Z","3","Weapons Offense (Guns/Shots Fired)"
"c3edd28b-5ad3-4ce8-9bf2-7e3b46573259","***","2026-09-14T03:02:08.600Z","3","Weapons Offense (Guns/Shots Fired)"
"3f9e4364-ec88-4fc7-9ea4-3965e087bd16","***","2026-09-14T03:21:59.336Z","750","Weapons Offense (Guns/Shots Fired)"
"e6c2bbad-5390-4751-9631-95ed0b3bc15c","***","2026-09-14T08:53:00.598Z","147","Wanted Person (Arrest Warrant/Fugitive)"
"37684783-c761-4497-9162-d75327b686b3","***","2026-09-14T09:00:06.233Z","3","Wanted Person (Arrest Warrant/Fugitive)"
"a65a9cd4-c6e0-4bfc-b8e0-c6e63b581eee","***","2026-09-14T13:32:54.688Z","131","Disorderly Conduct/Disturbance"
"3e2853a2-0620-473e-9778-ea5974d261b5","***","2026-09-14T18:28:09.942Z","1","Homicide/Death Investigation"
"1aa24559-62ed-4c60-93cf-a42908526545","***","2026-09-14T19:23:30.330Z","3","Weapons Offense (Guns/Shots Fired)"
"c4f32de2-ca0b-4601-9faf-23e995dcbac1","***","2026-09-14T19:44:52.850Z","3","Motor Vehicle Theft/Stolen"
"7afa97d6-9219-4528-87b7-3e779ff0cf7b","***","2026-09-14T20:58:56.632Z","757","Homicide/Death Investigation"
"6e2398b2-1f82-4cd1-8676-b41aec0a910a","***","2026-09-15T01:00:41.644Z","3","Drugs/Narcotics"
"c468bfbe-2da8-48e6-b9be-0803460980ba","***","2026-09-15T02:55:24.183Z","747","Motor Vehicle Theft/Stolen"
"89a13b27-382a-4216-a814-3e9d838a6491","***","2026-09-15T02:57:26.580Z","3","Motor Vehicle Theft/Stolen"
"bef6fdd4-c3c7-4fce-bded-a93624d3bbf8","***","2026-09-15T02:58:01.459Z","747","Motor Vehicle Theft/Stolen"
"b2db9cfa-b350-4f4d-b6bb-5520b0f589aa","***","2026-09-15T02:59:13.000Z","146","Assault/Battery Offenses"
"0e4fbe9d-fc6b-4440-b1cc-f096617950a8","***","2026-09-15T03:00:08.582Z","146","Assault/Battery Offenses"
"c84094ed-c610-44e8-bfa4-f6332df8751c","***","2026-09-15T03:03:16.017Z","747","Motor Vehicle Theft/Stolen"
"1c4c7733-be00-450f-bb54-ad765c2e21f2","***","2026-09-15T03:07:05.712Z","747","Motor Vehicle Theft/Stolen"
"70b50dfc-86a6-424c-86d6-dfdfd247957c","***","2026-09-15T03:11:12.370Z","3","Weapons Offense (Guns/Shots Fired)"
"f11f4ef3-816c-4165-b642-51751f391e7a","***","2026-09-15T04:38:34.515Z","747","Motor Vehicle Theft/Stolen"
"09997409-d863-43e5-a3b1-0f083d51221e","***","2026-09-15T04:44:27.047Z","3","Drugs/Narcotics"
"167276ee-21c2-48f6-a535-58d029d22ac3","***","2026-09-15T05:26:17.346Z","746","Drugs/Narcotics"
"9342ff57-0d27-4038-b49f-5288534bd24b","***","2026-09-15T08:43:51.562Z","747","Missing/Endangered Person/Runaway"
"61ead9e7-525a-4a86-b303-0798f5fb1eea","***","2026-09-15T12:31:48.428Z","147","Wanted Person (Arrest Warrant/Fugitive)"
"15b3903d-5af3-4daa-b8b5-ee02585aeedc","***","2026-09-15T14:14:00.280Z","1","Weapons Offense (Guns/Shots Fired)"
"84fc5488-a663-4945-bb82-ccb455f452c2","***","2026-09-15T16:17:22.207Z","7","Larceny/Theft Offenses"
"9ed40523-2ffb-49f3-81cf-9904b5369f18","***","2026-09-15T16:18:02.718Z","132","Larceny/Theft Offenses"
"11b6cc08-6ad8-44c6-b6af-f5d0d933fe60","***","2026-09-15T16:30:59.376Z","3","Larceny/Theft Offenses"
"6713c3b4-f751-41e5-9779-bfaa6d9a8cc8","***","2026-09-15T16:33:52.289Z","2",""
"c3f2f777-8f17-494e-839a-0cd08b71d729","***","2026-09-15T16:35:09.502Z","146","Wanted Person (Arrest Warrant/Fugitive)"
"9455784a-7df8-4b2b-9e55-6d25c49e04ec","***","2026-09-15T16:40:28.453Z","755","Homicide/Death Investigation"
"d8a63f5b-d6e1-4502-a7f1-6c6284713581","***","2026-09-15T17:01:24.776Z","3","Wanted Person (Arrest Warrant/Fugitive)"
"3c61daa3-8d54-4f45-b1c1-0f7a555e0417","***","2026-09-15T17:19:23.636Z","145","Hit and Run/Car Accident"
"9960af34-4737-4f90-8433-1c0224230db8","***","2026-09-15T17:21:56.445Z","2",""
"81b41895-711e-4f9f-8257-41e2cb7d5e19","***","2026-09-15T17:38:11.856Z","2",""
"1592026a-f768-4b14-a89e-dfd245e8409a","***","2026-09-15T17:41:04.986Z","753","Larceny/Theft Offenses"
"6114d2a2-9280-457a-b723-b56ecf215ba5","***","2026-09-15T18:26:30.845Z","3","Wanted Person (Arrest Warrant/Fugitive)"
"2f70c07f-1270-4f39-83d1-8144eca59000","***","2026-09-15T18:45:04.547Z","146","Motor Vehicle Theft/Stolen"
"9caac8ee-80df-413e-a6d7-d2580bce4650","***","2026-09-15T19:12:01.153Z","3","Wanted Person (Arrest Warrant/Fugitive)"
"3e0f6d1c-a2a3-4fea-9582-fcd214f773d7","***","2026-09-15T19:16:14.279Z","752","Drugs/Narcotics"
"583050a9-8c9d-4d83-b0a6-2000952be663","***","2026-09-15T19:53:42.191Z","753","Weapons Offense (Guns/Shots Fired)"
"49ef6743-af22-4ffa-9569-5dd79a686c05","***","2026-09-15T20:05:38.977Z","3","Drugs/Narcotics"
"ac851b1f-ab06-48a5-97d7-65b5a2cb8b55","***","2026-09-15T20:26:22.777Z","8","Drugs/Narcotics"
"e5674df2-3e88-461f-86fa-de358a36e7a8","***","2026-09-15T20:36:37.729Z","7","Larceny/Theft Offenses"
"8d777b45-d7fb-4dad-9e2e-6e58cf8ff347","***","2026-09-15T20:42:51.848Z","3","Larceny/Theft Offenses"
"c8129575-e114-4710-9bf3-db532dc5e43d","***","2026-09-15T21:07:27.762Z","146","Motor Vehicle Theft/Stolen"
"3d66ff81-ffbc-43c4-a99e-0dbde288e4dd","***","2026-09-15T23:33:00.698Z","743","Drugs/Narcotics"
"af70694b-52ae-465c-9e86-30ae249e58ad","***","2026-09-16T00:04:27.942Z","740","Drugs/Narcotics"
"8f75fcb2-bfbd-437b-a32a-ba6cea20a863","***","2026-09-16T04:02:58.763Z","3","Traffic Infraction"
"c23167c4-57b9-4e7d-b1bc-99aed3e8dfc3","***","2026-09-16T06:08:40.305Z","744","Motor Vehicle Theft/Stolen"
"b21f2c60-0317-475f-9353-732a4fc5d5cf","***","2026-09-16T07:16:30.708Z","744","Motor Vehicle Theft/Stolen"
"8fff9481-6742-48da-a9d7-d3779d7b0fde","***","2026-09-16T12:23:04.922Z","145","Wanted Person (Arrest Warrant/Fugitive)"
"99fea626-1ac0-4c3e-98ed-0dfec44479ee","***","2026-09-16T12:23:36.228Z","3","Wanted Person (Arrest Warrant/Fugitive)"
"69657680-2c5b-478b-abfd-ac7310c7afae","***","2026-09-16T13:02:53.911Z","3","Motor Vehicle Theft/Stolen"
"f8188248-0866-41bc-8cf0-462e59f3da30","***","2026-09-16T13:57:36.461Z","754","Homicide/Death Investigation"
"9ae038dc-5bb8-4e31-8ab3-a3afe6b3f3ca","***","2026-09-16T14:39:19.055Z","3","Homicide/Death Investigation"
"999c1ee7-1c7d-4b48-91a7-346c058e2d26","***","2026-09-16T15:00:10.267Z","753","Homicide/Death Investigation"
"8c379f2b-581e-4855-9928-bab20e83f833","***","2026-09-16T15:02:03.048Z","2",""
"afe0f965-2dda-46e7-8681-308b9ce7ac28","***","2026-09-16T15:08:10.408Z","1","Homicide/Death Investigation"
"b38a7596-301a-4143-9f1d-f92838368e0b","***","2026-09-16T15:22:04.772Z","2",""
"b95a80a2-4377-496c-9dc2-935424dc53e7","***","2026-09-16T16:26:53.990Z","750","Weapons Offense (Guns/Shots Fired)"
"38091187-4e4b-46ab-acea-931165e4b95a","***","2026-09-16T16:29:24.818Z","2",""
"336fd030-5732-4882-b988-45dde8293022","***","2026-09-16T16:34:37.950Z","3","Weapons Offense (Guns/Shots Fired)"
"b02579e6-3e4e-47e9-9cd7-c797a01175be","***","2026-09-16T16:34:58.791Z","2","Drugs/Narcotics"
"34cfc413-d66d-46ce-a94f-d347802ee848","***","2026-09-16T17:07:37.727Z","738","Drugs/Narcotics"
"8d19f1d0-d414-4608-91c3-459b6a2b5738","***","2026-09-16T18:02:36.140Z","145","Assault/Battery Offenses"
"ff325411-d626-46c6-ace9-668646eaba46","***","2026-09-16T18:17:18.967Z","752","Homicide/Death Investigation"
"0d914b23-bff0-45cb-b312-4bd39e5ebce6","***","2026-09-16T18:28:37.587Z","3","Weapons Offense (Guns/Shots Fired)"
"327ba024-6654-4d44-96ba-aa81a10c8fe8","***","2026-09-16T18:44:35.411Z","752","Homicide/Death Investigation"
"1251eceb-33a0-4608-b5d2-84f3cbd2fec5","***","2026-09-16T19:30:45.076Z","749","Weapons Offense (Guns/Shots Fired)"
"772396f4-f694-4ebd-bb18-60da2722f8e2","***","2026-09-16T19:50:06.991Z","146","Weapons Offense (Guns/Shots Fired)"
"d175a930-9f7c-43fa-a41b-1d3475db2382","***","2026-09-16T19:56:38.792Z","3","Motor Vehicle Theft/Stolen"
"a4351dbf-b744-492c-9b5e-f9e28cb1e379","***","2026-09-16T20:03:05.613Z","2",""
"bb6f549d-8191-4aed-a406-1e3177b80007","***","2026-09-16T20:07:43.794Z","146","Weapons Offense (Guns/Shots Fired)"
"f7b218e2-defc-421d-a767-5722429b227d","***","2026-09-16T20:24:24.952Z","145","Criminal Motor Vehicle Offense (incl. Road Rage/Reckless)"
"4de8585a-d770-4cff-96b8-1a07764535b0","***","2026-09-16T20:28:37.721Z","1","Weapons Offense (Guns/Shots Fired)"
"39c568ff-ec62-4b36-ae97-c521ebdbfa7d","***","2026-09-16T20:33:44.316Z","2","Weapons Offense (Guns/Shots Fired)"
"d57c352d-73f5-48fa-81c0-b8bab88535a1","***","2026-09-16T20:34:21.325Z","3","Weapons Offense (Guns/Shots Fired)"
"b6ccb970-deff-47ad-95ae-d6dd231a0180","***","2026-09-16T20:35:19.717Z","740","Missing/Endangered Person/Runaway"
"d8aa5867-3230-41d9-b5c3-206b14b81541","***","2026-09-16T21:00:40.792Z","748","Weapons Offense (Guns/Shots Fired)"
"c6fd7cfc-f9df-49f3-8632-ebd3ffae9034","***","2026-09-16T21:36:42.430Z","737","Weapons Offense (Guns/Shots Fired)"
"320fe062-91dd-420a-9520-72728984ce5e","***","2026-09-16T21:39:02.204Z","146","Weapons Offense (Guns/Shots Fired)"
"d75a905f-aaf3-445f-9fa1-0a4d9f3b9003","***","2026-09-16T22:04:04.859Z","748","Weapons Offense (Guns/Shots Fired)"
"4b4d6b02-7148-46b3-9d24-e946e88753aa","***","2026-09-16T22:04:09.301Z","737","Weapons Offense (Guns/Shots Fired)"
"fa724b92-75ca-45ed-9742-45868728f780","***","2026-09-16T22:30:52.156Z","740","Motor Vehicle Theft/Stolen"
"bc198168-f245-40ae-9aa4-a43141afc1cf","***","2026-09-17T05:09:02.205Z","740","Weapons Offense (Guns/Shots Fired)"
"664d451d-3797-43e0-8daf-36d5198cc205","***","2026-09-17T05:42:20.204Z","146","Assault/Battery Offenses (Domestic)"
"8d0ef0bc-d528-487d-ac66-94b5b0e3fe37","***","2026-09-17T12:19:32.998Z","146","Weapons Offense (Guns/Shots Fired)"
"f271ce6c-b41c-4b6a-9ab7-4549ffb63444","***","2026-09-17T12:46:40.694Z","1","Obstructing Justice"
"1c112e96-ee26-405c-bee9-c7f08f88aa02","***","2026-09-17T13:02:53.857Z","1","Obstructing Justice"
"526a918f-452f-4ec1-af62-9b52e0601052","***","2026-09-17T13:32:38.745Z","736","Drugs/Narcotics"
"5bd04554-6943-491a-af4a-dc0515392441","***","2026-09-17T13:36:39.312Z","736","Drugs/Narcotics"
"6dee4a38-b1e3-4fd8-aca6-26ae65e30227","***","2026-09-17T14:07:27.472Z","145","Welfare Check"
"1f0ed0f5-4eb5-47ca-8e28-4e20d8f6ea97","***","2026-09-17T14:08:53.972Z","145","Welfare Check"
"10105a9e-72be-456c-adc4-0496677fe3c7","***","2026-09-17T14:17:14.747Z","2",""
"22b5b610-3087-4f64-813e-54aa9879c49a","***","2026-09-17T14:59:38.614Z","736","Drugs/Narcotics"
"7435c5d5-f7c1-48ea-8eee-84101a0be299","***","2026-09-17T15:49:35.412Z","145","Hit and Run/Car Accident"
"eb860409-870e-4710-859e-f17024c101d5","***","2026-09-17T16:19:01.209Z","2",""
"c0cd408e-6ec1-4b09-aca7-978376f7e777","***","2026-09-17T17:28:04.203Z","736","Wanted Person (Arrest Warrant/Fugitive)"
"9b3efc9d-c285-4016-b893-3b8d02ae7e62","***","2026-09-17T18:34:30.987Z","749","Motor Vehicle Theft/Stolen"
"d9180a35-79e9-42e9-bd05-43ebb01ec12f","***","2026-09-17T19:10:27.143Z","132","Wanted Person (Arrest Warrant/Fugitive)"
"869fc82e-7d08-4358-90cf-b872ab0957c3","***","2026-09-17T20:07:53.018Z","132","Wanted Person (Arrest Warrant/Fugitive)"
"c36dbc03-5140-40cb-8883-aa5680c6ec74","***","2026-09-17T20:57:18.050Z","735","Weapons Offense (Guns/Shots Fired), Drugs/Narcotics"
"18e178c0-1a4f-4e78-902f-cb9066ebbcdf","***","2026-09-17T21:03:54.963Z","735","Drugs/Narcotics"
"ed598591-3fa9-431c-b228-dd4133d7b488","***","2026-09-17T23:12:35.250Z","736","Weapons Offense (Guns/Shots Fired)"
"1008c365-fd6f-4a45-bd96-6e7c9c3ba68f","***","2026-09-17T23:59:14.913Z","170","Drugs/Narcotics"
"4852b1a8-5186-4118-99de-8c003f651626","***","2026-09-18T00:21:11.432Z","132","Weapons Offense (Guns/Shots Fired)"
"7d23cbf8-d1ea-4471-b151-e59fbd27d256","***","2026-09-18T00:21:48.292Z","3","Weapons Offense (Guns/Shots Fired)"
"17d63ccb-48e0-4e5d-a526-6fee98f3617e","***","2026-09-18T13:34:13.665Z","145","Hit and Run/Car Accident"
"5b65b416-ed83-4610-821b-098df5468d3e","***","2026-09-18T15:09:53.116Z","733","Drugs/Narcotics"
"d024cd57-6414-4875-a569-38b32dc76f1c","***","2026-09-18T16:58:24.312Z","744","Weapons Offense (Guns/Shots Fired)"
"a387dfdb-7bd0-4485-85ec-e7bad069998a","***","2026-09-18T17:00:34.263Z","744","Weapons Offense (Guns/Shots Fired)"
"7da9b0a4-8347-4c28-b7ba-98173e2578f5","***","2026-09-18T17:45:12.476Z","146","Missing/Endangered Person/Runaway"
"9a35f181-63f3-4d33-b240-40c0dd935381","***","2026-09-18T18:02:55.309Z","146","Missing/Endangered Person/Runaway"
"4ea0ccff-2427-4154-a55e-4587b4409b9f","***","2026-09-18T18:09:30.629Z","3","Drugs/Narcotics"
"318647a3-da53-4457-a7e1-aed29a955f18","***","2026-09-18T18:28:08.986Z","3","Larceny/Theft Offenses"
"eb5a6e10-5b40-437e-ad6e-38ab6cdf85ea","***","2026-09-18T22:07:48.479Z","3","Drugs/Narcotics"
"dd738880-9413-49f3-ac07-8d67d773cedb","***","2026-09-18T22:46:03.743Z","732","Drugs/Narcotics"
"a07b9ce8-f63c-4abf-b89d-d85077c6cc2b","***","2026-09-18T22:53:20.309Z","146","Weapons Offense (Guns/Shots Fired)"
"39565365-1e11-4fd7-98ac-39b16820a142","***","2026-09-18T23:20:49.479Z","146","Weapons Offense (Guns/Shots Fired)"
"7768a2e5-a762-45e1-b32b-f4b0ae9d25b8","***","2026-09-18T23:21:47.342Z","146","Weapons Offense (Guns/Shots Fired)"
"52b82e09-e6d1-4b37-8b20-2e19c98c4e8b","***","2026-09-18T23:23:03.109Z","3","Weapons Offense (Guns/Shots Fired)"
"ecd76ff3-a63b-40a7-bf02-4b02051bfbd2","***","2026-09-18T23:40:58.471Z","732","Drugs/Narcotics"
"63082a61-81b2-4720-a318-c809e568362f","***","2026-09-18T23:44:22.277Z","732","Drugs/Narcotics"
"e5a16e7d-6455-4c47-9ab6-f381749c804a","***","2026-09-18T23:45:25.567Z","732","Drugs/Narcotics"
"1201ec9a-fabf-4946-b1ef-cdb7df9e6a3c","***","2026-09-18T23:49:19.616Z","146","Motor Vehicle Theft/Stolen"
"5d23c218-8beb-4b0a-8338-3425c51bfd6d","***","2026-09-19T00:15:24.803Z","146","Motor Vehicle Theft/Stolen"
"14cf22f5-5af1-46a9-987a-eff85d8e9903","***","2026-09-19T00:29:21.746Z","736","Motor Vehicle Theft/Stolen"
"e111b2cb-2ac2-4d4f-a9b8-9427d2da0c30","***","2026-09-19T00:30:50.428Z","146","Weapons Offense (Guns/Shots Fired)"
"8985d69a-5fca-495d-b035-0520d957b05f","***","2026-09-19T00:38:42.478Z","2",""
"6806958c-3dac-4556-822e-8c356b142d62","***","2026-09-19T01:24:49.389Z","146","Motor Vehicle Theft/Stolen"
"db9f1fb2-1e66-441d-ab3b-69eb2480c628","***","2026-09-19T02:16:32.132Z","146","Motor Vehicle Theft/Stolen"
"6b3ec206-bffc-4671-ad27-46b58ac54a4a","***","2026-09-19T02:22:49.116Z","146","Weapons Offense (Guns/Shots Fired)"
"f44cf1a8-e8ae-4dc0-b9f7-2bb072f9a042","***","2026-09-19T02:42:45.181Z","146","Motor Vehicle Theft/Stolen"
"0d766fff-30d3-4d2c-acb1-46fb1a1a24ce","***","2026-09-19T05:53:14.169Z","146","Motor Vehicle Theft/Stolen"
"604d217f-5bd6-45d1-8163-be6840e5f170","***","2026-09-19T07:13:36.422Z","146","Motor Vehicle Theft/Stolen"
"97400fa9-01fc-4466-990c-8170c808b752","***","2026-09-19T10:25:57.646Z","146","Motor Vehicle Theft/Stolen"
"085613d8-3211-49a6-ad0a-36cbc0e7cda5","***","2026-09-19T11:33:28.469Z","146","Motor Vehicle Theft/Stolen"
"7cbf9ee3-4622-4687-a83f-ed885ab3ea19","***","2026-09-19T13:57:28.375Z","146","Motor Vehicle Theft/Stolen"
"a2c5fc85-9348-4bf1-8c75-a151ae2d8173","***","2026-09-19T14:25:22.066Z","146","Motor Vehicle Theft/Stolen"
"6205a35a-2e0b-4ba8-8995-96f55d4ea475","***","2026-09-19T14:32:25.432Z","132","Motor Vehicle Theft/Stolen"
"61d6ac50-ddf5-4f21-b16d-51e87b0a2344","***","2026-09-19T14:40:14.766Z","146","Motor Vehicle Theft/Stolen"
"3d301a3c-1190-4630-9e8c-10fd011935ff","***","2026-09-19T15:33:21.464Z","132","Motor Vehicle Theft/Stolen"
"7ed1ac70-7540-42dd-affa-79ec50fe2c49","***","2026-09-19T15:49:37.932Z","146","Motor Vehicle Theft/Stolen"
"4b12da75-e69f-438c-a75f-380263cdcdf8","***","2026-09-19T16:13:04.113Z","146","Motor Vehicle Theft/Stolen"
"3527b046-66f8-46fe-9716-65179275f207","***","2026-09-19T16:21:59.034Z","3","Motor Vehicle Theft/Stolen"
"6e787ef8-c556-4b47-aaf8-f26a132e0320","***","2026-09-19T17:06:38.811Z","146","Motor Vehicle Theft/Stolen"
"13a34eb0-e1e5-4733-aeb8-1a72054b055f","***","2026-09-19T17:20:56.233Z","132","Motor Vehicle Theft/Stolen"
"8911523a-f470-4aee-91e8-14e80590ad6c","***","2026-09-19T17:22:54.686Z","3","Motor Vehicle Theft/Stolen"
"b95606f3-74be-447d-98d6-0c28db02f56f","***","2026-09-19T18:00:40.505Z","146","Motor Vehicle Theft/Stolen"
"e972eb6f-4beb-4c94-956a-eb2c53a2e6f4","***","2026-09-19T18:02:01.763Z","146","Motor Vehicle Theft/Stolen"
"706a07ba-dea7-4baa-9f36-0bf32b778390","***","2026-09-19T18:10:08.102Z","3","Motor Vehicle Theft/Stolen"
"6f878f0e-fe5f-47e3-9990-60df6be89935","***","2026-09-19T18:11:42.374Z","146","Motor Vehicle Theft/Stolen"
"e863852c-5ecd-4542-a316-2471130482c2","***","2026-09-19T18:20:34.550Z","2","Hit and Run/Car Accident"
"9eda3351-372c-496e-89f0-64130d856382","***","2026-09-19T18:32:58.781Z","2",""
"fc237152-266d-4a70-be5e-0d0d32bec4dd","***","2026-09-19T19:02:46.230Z","146","Motor Vehicle Theft/Stolen"
"44cc838b-da6f-4cc3-919d-f6908f25c7de","***","2026-09-19T19:02:53.173Z","146","Motor Vehicle Theft/Stolen"
"caf07c7d-d527-492a-a0a5-d7fed49f99ec","***","2026-09-19T19:03:29.236Z","146","Motor Vehicle Theft/Stolen"
"5022faa4-428e-4653-ad2b-ec06811f6e14","***","2026-09-19T19:04:06.037Z","146","Motor Vehicle Theft/Stolen"
"622d3859-cbe2-4066-b456-d6c071c10bd9","***","2026-09-19T19:17:26.181Z","145","Obstructing the Police (Fleeing/Eluding)"
"3885c07f-9a4c-4eb6-a740-2a5db4071cb4","***","2026-09-19T19:18:38.109Z","145","Hit and Run/Car Accident"
"e02b97fa-5757-48bf-8d28-078aa78d13cf","***","2026-09-19T19:20:06.609Z","132","Obstructing the Police (Fleeing/Eluding)"
"da775811-9811-4e7a-8dfb-3ddcee66d3ec","***","2026-09-19T19:22:00.232Z","145","Obstructing the Police (Fleeing/Eluding)"
"39d74cac-8a0c-447e-9508-76dfa8941c66","***","2026-09-19T19:22:15.229Z","3","Obstructing the Police (Fleeing/Eluding)"
"ee37590e-0f3b-4296-885d-fef2b86283b4","***","2026-09-19T19:47:34.945Z","146","Motor Vehicle Theft/Stolen"
"7ace9a4b-107a-48da-8793-870e64cc59a6","***","2026-09-19T19:48:52.057Z","2",""
"c99fdab2-8af2-479a-abc0-760670e1fec3","***","2026-09-19T20:00:28.437Z","145","Hit and Run/Car Accident"
"9ebf7567-35d6-4deb-8600-4a93989a7088","***","2026-09-19T20:04:27.467Z","3","Obstructing the Police (Fleeing/Eluding)"
"e42adb74-eae3-482c-b3ec-b41d89881fcf","***","2026-09-19T20:18:41.348Z","145","Obstructing the Police (Fleeing/Eluding)"
"507b556b-b61d-4130-a38a-ccb13efb2a25","***","2026-09-19T20:18:56.656Z","146","Motor Vehicle Theft/Stolen"
"aae9ded4-309b-40aa-8f46-9c26fad0dfaa","***","2026-09-19T20:25:32.594Z","145","Obstructing the Police (Fleeing/Eluding)"
"dc7f178a-1ec5-444c-8964-baa14570404c","***","2026-09-19T20:34:34.108Z","146","Motor Vehicle Theft/Stolen"
"f347c804-4ee9-4e2c-ab1c-80ec5e5cd217","***","2026-09-19T20:50:29.247Z","146","Motor Vehicle Theft/Stolen"
"b7310eb6-d881-4d79-b3d4-b65d86483123","***","2026-09-19T22:11:18.669Z","146","Motor Vehicle Theft/Stolen"
"b94e8afa-0107-42ea-b488-d9d4fe038361","***","2026-09-19T22:15:02.832Z","146","Motor Vehicle Theft/Stolen"
"a07b2722-591c-4bb6-aa62-a1c29f15e280","***","2026-09-19T22:31:30.166Z","146","Motor Vehicle Theft/Stolen"
"77d608ab-99c4-4148-aa58-74a970e2d73d","***","2026-09-19T23:46:46.542Z","146","Motor Vehicle Theft/Stolen"
"ee49581c-4c39-411e-8357-94a455d77a5d","***","2026-09-20T00:10:23.449Z","146","Motor Vehicle Theft/Stolen"
"17f8fd43-29c2-400a-af05-ee2076746c7e","***","2026-09-20T00:22:30.582Z","146","Motor Vehicle Theft/Stolen"
"6b777ced-598a-4593-9456-e2163b725c6e","***","2026-09-20T02:13:22.858Z","146","Motor Vehicle Theft/Stolen"
"2787eed0-c840-4114-9299-eeea0046ffa2","***","2026-09-20T02:40:28.667Z","146","Motor Vehicle Theft/Stolen"
"fb9635a3-4818-4b13-b56f-4fc05892c67b","***","2026-09-20T03:38:02.183Z","146","Motor Vehicle Theft/Stolen"
"3beb3198-c29d-4449-ac7a-3b4e1aba668c","***","2026-09-20T05:19:53.478Z","145","Obstructing the Police (Fleeing/Eluding)"
"5a4853af-154b-4818-afd9-279e5f36a9e5","***","2026-09-20T05:31:36.567Z","145","Obstructing the Police (Fleeing/Eluding)"
"38e831f5-c628-454b-9252-62bffff4142f","***","2026-09-20T05:32:52.131Z","145","Obstructing the Police (Fleeing/Eluding)"
"5ddbd06c-989a-4414-b684-33a8ce98cc62","***","2026-09-20T05:38:12.396Z","734","Obstructing the Police (Fleeing/Eluding)"
"3ef8c7e8-407d-44b7-a997-243e72fce71f","***","2026-09-20T06:11:05.568Z","3","Obstructing the Police (Fleeing/Eluding)"
"dc8b34ae-84cb-4910-8f80-7bf084ee76ee","***","2026-09-20T08:13:15.239Z","3","Obstructing the Police (Fleeing/Eluding)"
"5119bbc8-6496-481d-9e40-0f233db95cb2","***","2026-09-20T08:53:57.028Z","734","Obstructing the Police (Fleeing/Eluding)"
"101b000d-a426-4b04-ba2b-41dfcadc1b2e","***","2026-09-20T09:01:39.121Z","734","Obstructing the Police (Fleeing/Eluding)"
"4f993662-cb8a-4748-bea5-b172f9248fb6","***","2026-09-20T10:32:42.366Z","2",""
"0d21066a-ac61-4b1e-8231-4e992c7cfcaa","***","2026-09-20T10:34:21.642Z","145","Obstructing the Police (Fleeing/Eluding)"
"4ccac00a-3e4d-4d13-b70b-03a646977e9d","***","2026-09-20T14:35:53.570Z","145","Obstructing the Police (Fleeing/Eluding)"
"1a91d6f5-80bc-498e-a853-86201c88f774","***","2026-09-20T14:44:01.737Z","146","Motor Vehicle Theft/Stolen"
"c90ac9b4-4a0b-4287-b7ab-12fd4c208c2d","***","2026-09-20T14:45:26.850Z","3","Motor Vehicle Theft/Stolen"
"2412df31-b013-4682-8063-d555c538dea8","***","2026-09-20T14:45:55.940Z","146","Motor Vehicle Theft/Stolen"
"44b5046e-ecf5-439c-972f-571b14431b11","***","2026-09-20T14:46:27.407Z","146","Motor Vehicle Theft/Stolen"
"503a1921-91d6-46f9-8c87-30ce01186e53","***","2026-09-20T14:50:22.006Z","132","Motor Vehicle Theft/Stolen"
"27da0b7b-ac0d-49a7-b387-e328a9b60142","***","2026-09-20T14:51:34.083Z","146","Motor Vehicle Theft/Stolen"
"b909f90a-3410-4ebb-9263-077f084a82e9","***","2026-09-20T14:57:18.209Z","146","Motor Vehicle Theft/Stolen"
"905c79ef-788c-4d96-933c-069333740906","***","2026-09-20T15:00:00.235Z","132","Motor Vehicle Theft/Stolen"
"48d33af2-95f2-4515-8e45-edfb0d4df212","***","2026-09-20T15:00:59.284Z","146","Motor Vehicle Theft/Stolen"
"4dafce17-8043-4da1-b77f-f54c16871a79","***","2026-09-20T15:01:57.583Z","146","Motor Vehicle Theft/Stolen"
"4f143209-ec74-40fd-8ba5-c17833b8cb43","***","2026-09-20T15:07:41.431Z","146","Motor Vehicle Theft/Stolen"
"b0f7b510-eb5e-40fe-8fd8-20e98f432d46","***","2026-09-20T15:24:22.255Z","146","Motor Vehicle Theft/Stolen"
"e46181d6-160d-4886-bf06-80fb7e1baa20","***","2026-09-20T15:39:47.145Z","132","Motor Vehicle Theft/Stolen"
"7c31276f-51be-4f5b-a35c-c812d385f0ab","***","2026-09-20T16:02:09.324Z","3","Larceny/Theft Offenses"
"67bd6b20-3dec-4580-91bb-621381f2b372","***","2026-09-20T16:03:30.615Z","9","Motor Vehicle Theft/Stolen"
"008f23ff-97fe-4504-8862-b6745d6dd73e","***","2026-09-20T16:40:29.252Z","3","Burglary/Breaking & Entering"
"83b3250a-4ba3-414a-923a-5dfcb0f3b2fd","***","2026-09-20T17:19:39.075Z","9","Motor Vehicle Theft/Stolen"
"9350249c-16d8-4c36-9982-43459bce437a","***","2026-09-20T18:06:55.618Z","146","Motor Vehicle Theft/Stolen"
"00a304ef-09db-4598-a08a-ea68bea54db5","***","2026-09-20T18:09:31.792Z","9","Motor Vehicle Theft/Stolen"
"ee679f26-0ee3-4190-9265-98430db2d506","***","2026-09-20T18:10:44.184Z","132","Motor Vehicle Theft/Stolen"
"09c1a560-5fe3-44d5-9028-546825d3d8a2","***","2026-09-20T18:15:17.622Z","146","Motor Vehicle Theft/Stolen"
"2ee1ddcc-4ad4-4808-bae8-e6537870aaf5","***","2026-09-20T18:15:42.239Z","145","Obstructing the Police (Fleeing/Eluding)"
"e0abc903-679e-4157-927d-4096171b1df3","***","2026-09-20T19:10:28.641Z","9","Motor Vehicle Theft/Stolen"
"fd2537e8-ff4d-4401-a051-19d2790adf25","***","2026-09-20T19:18:55.361Z","3","Motor Vehicle Theft/Stolen"
"52fa4667-a739-4e8d-91b1-36f6edf9166e","***","2026-09-20T19:20:02.042Z","145","Obstructing the Police (Fleeing/Eluding)"
"91c93e94-525d-499c-b066-03e674af481d","***","2026-09-20T19:26:09.572Z","145","Obstructing the Police (Fleeing/Eluding)"
"1e2b7ba7-147b-4027-bf5d-0da0e95e7f3d","***","2026-09-20T19:26:52.436Z","146","Motor Vehicle Theft/Stolen"
"86119631-3038-4af2-802c-942fbffbbba2","***","2026-09-20T21:24:19.269Z","146","Motor Vehicle Theft/Stolen"
"2aa333e5-a951-4e1c-875c-7214f45ecf7f","***","2026-09-20T21:29:23.701Z","9","Motor Vehicle Theft/Stolen"
"7271c4bc-0e87-4350-ac74-affae159befe","***","2026-09-20T21:30:13.444Z","736","Motor Vehicle Theft/Stolen"
"45a126e2-f96b-4b2c-9bff-1416e8b6df25","***","2026-09-20T23:49:44.637Z","734","Obstructing the Police (Fleeing/Eluding)"
"f10b98fd-f7c6-442f-b60d-7f4b736af155","***","2026-09-21T02:46:01.399Z","146","Motor Vehicle Theft/Stolen"
"b362b6b4-0530-4ae7-ba6e-e95ac2201a2d","***","2026-09-21T02:57:02.512Z","736","Motor Vehicle Theft/Stolen"
"469d32ae-f9c0-4a9b-8b8d-5be7e4ec33cd","***","2026-09-21T03:03:42.670Z","736","Motor Vehicle Theft/Stolen"
"c2ce2776-4f31-4f79-81cb-f3aeb4070a4f","***","2026-09-21T03:08:17.387Z","146","Motor Vehicle Theft/Stolen"
"cbafd970-1311-404a-94f2-2abf6120b87b","***","2026-09-21T03:21:38.691Z","735","Drugs/Narcotics"
"47c38ac5-b98f-4455-9ce6-ede9f3edec58","***","2026-09-21T03:45:25.427Z","146","Motor Vehicle Theft/Stolen"
"ff9459d1-58db-494b-81ad-43b966e08c70","***","2026-09-21T04:03:49.532Z","736","Motor Vehicle Theft/Stolen"
"7a2cd28b-8949-456c-b988-c2889e04df64","***","2026-09-21T04:22:46.828Z","146","Motor Vehicle Theft/Stolen"
"c2b08a8c-c1b5-41e2-8857-a35143684de6","***","2026-09-21T04:49:09.936Z","2",""
"15da9ddf-12d7-43a4-87f2-3f67a329f2c5","***","2026-09-21T05:37:10.726Z","736","Motor Vehicle Theft/Stolen"
"fd1484c3-c652-46ef-be3b-63e7b78413d8","***","2026-09-21T06:00:20.548Z","3","Motor Vehicle Theft/Stolen"
"ed19abef-ab88-47ca-a0d8-f2e992c592db","***","2026-09-21T06:14:19.869Z","736","Motor Vehicle Theft/Stolen"
"e9eb7887-a971-4173-8e46-bbadeabc8ced","***","2026-09-21T07:16:43.799Z","736","Motor Vehicle Theft/Stolen"
"c6a637da-fda7-43b6-9cfa-ba88c9c5c460","***","2026-09-21T13:27:09.603Z","732","Drugs/Narcotics"
"a91e5667-121b-4639-a73f-c430112aa5be","***","2026-09-21T13:34:34.872Z","744","Weapons Offense (Guns/Shots Fired)"
"75711d2f-5ee6-4509-a600-4699e74e34f9","***","2026-09-21T13:35:46.979Z","2",""
"6452fb3c-517d-4a3c-9436-abfe9eb0bc98","***","2026-09-21T13:55:07.227Z","3","Motor Vehicle Theft/Stolen"
"d2e75ddb-1b3e-4252-b468-67e307e7965b","***","2026-09-21T13:57:26.020Z","146","Motor Vehicle Theft/Stolen"
"98e39df3-2bd4-456a-b91c-8144ec127aa8","***","2026-09-21T14:17:27.515Z","3","Motor Vehicle Theft/Stolen"
"d85625d9-05de-48a6-b24c-3e8d09610520","***","2026-09-21T15:03:22.698Z","3","Motor Vehicle Theft/Stolen"
"7a93ee1b-bf58-43ca-93a8-91f22bf7c943","***","2026-09-21T15:14:36.812Z","733","Weapons Offense (Guns/Shots Fired)"
"32b51940-ab74-4f5a-98e8-08c23f0c7245","***","2026-09-21T15:18:49.509Z","2","Financial Crime (Embezzlement/Fraud)"
"bdb8ed34-ede5-48dd-af53-8803847cdb06","***","2026-09-21T15:29:48.993Z","7","Drugs/Narcotics"
"7c64e5d3-6045-4a48-8b46-d8b46c95cff9","***","2026-09-21T15:42:32.566Z","3","Drugs/Narcotics"
"f7735c8b-b032-48ec-8fb4-1927a9312cdf","***","2026-09-21T16:24:15.695Z","3","Drugs/Narcotics"
"14132b8d-b289-4f2b-9ff3-05a215cd9005","***","2026-09-21T16:25:46.420Z","3","Motor Vehicle Theft/Stolen"
"142b7614-43b8-46ed-b8b1-2acdce9066a5","***","2026-09-21T16:27:40.684Z","146","Motor Vehicle Theft/Stolen"
"78af23bd-9e57-4a56-9f3f-0027b834dafe","***","2026-09-21T16:28:08.156Z","8","Financial Crime (Embezzlement/Fraud)"
"8e33e52f-b077-46fa-af0f-a08e5474e89b","***","2026-09-21T16:30:40.076Z","7","Drugs/Narcotics"
"e607e16b-fd0f-408f-a29a-63a510351114","***","2026-09-21T16:33:26.579Z","743","Weapons Offense (Guns/Shots Fired)"
"a3973e6d-7a39-4648-9fdd-a971b8db2848","***","2026-09-21T16:52:07.862Z","2",""
"63baf30a-6213-4860-abde-39b56564546c","***","2026-09-21T16:57:55.692Z","132","Weapons Offense (Guns/Shots Fired)"
"fd748dbd-8ede-4442-83b9-37af767ba61d","***","2026-09-21T17:04:05.684Z","3","Drugs/Narcotics"
"6949e1fd-fab9-46dd-b5fb-c5eb963b61cb","***","2026-09-21T17:17:04.954Z","146","Wanted Person (Arrest Warrant/Fugitive)"
"ebfd77cf-a8df-4733-9d56-7fe499365602","***","2026-09-21T17:42:54.064Z","3","Motor Vehicle Theft/Stolen"
"11257a40-b56b-4f65-ac65-626cf5b761f3","***","2026-09-21T18:14:49.132Z","731","Drugs/Narcotics"
"045d794f-4561-4c01-bc3d-521de6082a47","***","2026-09-21T18:54:42.076Z","3","Motor Vehicle Theft/Stolen"
"6f0f740c-58a8-4efb-9a73-d8f7b10d42c8","***","2026-09-21T18:56:27.880Z","732","Weapons Offense (Guns/Shots Fired)"
"d2d76f99-f876-4e7d-b39c-0073978ddaa7","***","2026-09-21T19:42:38.269Z","732","Weapons Offense (Guns/Shots Fired)"
"4eeadfb7-043b-44ea-b98a-ea720f33b894","***","2026-09-21T20:00:01.586Z","743","Weapons Offense (Guns/Shots Fired)"
"0f746137-d9a4-4fcd-92f6-baea0b58b2a3","***","2026-09-21T20:05:12.744Z","732","Weapons Offense (Guns/Shots Fired)"
"a2065e58-ef5a-4bbc-9b04-78ae95f2260f","***","2026-09-21T22:32:07.316Z","731","Weapons Offense (Guns/Shots Fired)"
"73a5f1d9-5285-49bb-b5b5-c7894954c075","***","2026-09-21T22:38:11.626Z","7","Drugs/Narcotics"
"4db924a1-3885-4ae7-b598-1618ce942b65","***","2026-09-21T23:34:55.526Z","145","Hit and Run/Car Accident"
"0d50b8ba-f36b-4ec0-afd6-dadfcbae99b8","***","2026-09-21T23:56:16.145Z","8","Criminal Motor Vehicle Offense (incl. Road Rage/Reckless)"
"0e776d36-b4ca-41b1-be80-efe4e4a57fa8","***","2026-09-21T23:56:33.595Z","3","Obstructing Justice"
"1daee4bb-df35-40e2-bb67-b99c19ad259d","***","2026-09-22T00:54:30.044Z","730","Obstructing Justice"
"000dd04d-5aee-4266-b804-4606d57f6ac4","***","2026-09-22T01:05:52.018Z","146","Assault/Battery Offenses (Domestic)"
"426e38b8-4ce6-4676-8f8a-2628a192a4b8","***","2026-09-22T11:08:32.978Z","146","Motor Vehicle Theft/Stolen"
"bc2e33af-63bb-47e3-b7b8-dfa1aa088efe","***","2026-09-22T11:36:57.084Z","2",""
"765cd77c-c0f7-4245-bd5a-3eb6d621d164","***","2026-09-22T12:47:54.983Z","145","Welfare Check"
"ce467378-388a-41c7-a3f8-fde327693cab","***","2026-09-22T13:24:21.651Z","146","Missing/Endangered Person/Runaway"
"f20aef0a-4c40-422f-a2e3-8ec905bedb2f","***","2026-09-22T13:24:48.110Z","146","Missing/Endangered Person/Runaway"
"52e21bd4-7f9b-4584-82fb-a990282cb83e","***","2026-09-22T13:41:30.549Z","740","Welfare Check"
"286e47d5-5280-4a43-92ea-487e1832c65d","***","2026-09-22T13:48:01.567Z","731","Weapons Offense (Guns/Shots Fired)"
"c301a1ba-ce18-495f-8b10-1951ac0c21c8","***","2026-09-22T14:19:52.099Z","146","Missing/Endangered Person/Runaway"
"6bd8efd1-2253-4bb4-bcd3-81e60540d434","***","2026-09-22T14:41:47.187Z","2",""
"b1b39f5e-f089-40e2-b3f8-2cc53ea55021","***","2026-09-22T15:45:17.410Z","146","Missing/Endangered Person/Runaway"
"afb81dc3-2339-4f0a-a7fb-46f66a4ad7cc","***","2026-09-22T15:54:52.391Z","145","Destruction/Damage/Vandalism of Property"
"3d497b0e-2eeb-4c66-988e-930525febf32","***","2026-09-22T16:44:33.794Z","740","Welfare Check"
"676d52a5-ef26-4dae-8290-254c7860719c","***","2026-09-22T17:00:46.870Z","146","Missing/Endangered Person/Runaway"
"caa87ae0-c10f-44a8-bed8-70f338cbcdd4","***","2026-09-22T17:50:12.096Z","132","Weapons Offense (Guns/Shots Fired)"
"f293e75d-d1e9-4c3d-9b17-210d12d96099","***","2026-09-22T17:57:22.373Z","146","Weapons Offense (Guns/Shots Fired)"
"286a6353-1951-45fb-b197-751c8422c7fd","***","2026-09-22T18:09:48.903Z","744","Homicide/Death Investigation"
"92c77141-1fce-4c96-a5eb-1e6667d513a6","***","2026-09-22T18:14:04.351Z","146","Motor Vehicle Theft/Stolen"
"6ccdcefc-c6e4-49bf-aeef-29789531ca04","***","2026-09-22T18:18:40.216Z","146","Missing/Endangered Person/Runaway"
"a44a1939-9713-41e8-b479-8552c0f3bcc8","***","2026-09-22T18:57:17.321Z","3","Drugs/Narcotics"
"6d8dbe56-9055-47b1-a718-d3506f6c238a","***","2026-09-22T19:15:00.127Z","3","Drugs/Narcotics"
"fc64d298-10b7-47dc-8c5f-855a0e35d1fe","***","2026-09-22T20:27:14.082Z","2","Weapons Offense (Guns/Shots Fired)"
"6d569dbd-a7aa-4aff-ad19-325f503b0352","***","2026-09-22T20:31:49.189Z","2",""
"5087369f-7a64-4521-9099-1a533003910f","***","2026-09-22T20:54:53.601Z","146","Weapons Offense (Guns/Shots Fired)"
"57879d3d-f578-4c4b-9e53-ee79bbff19af","***","2026-09-22T20:55:18.774Z","146","Weapons Offense (Guns/Shots Fired)"
"4aadd42a-3f9f-47b6-99c1-5d1163ffaf71","***","2026-09-22T20:55:59.963Z","146","Weapons Offense (Guns/Shots Fired)"
"93b2c9e5-18cf-42b7-9415-31b3bcbbbde7","***","2026-09-22T21:20:18.547Z","6","Financial Crime (Embezzlement/Fraud)"
"43fe90e1-aa19-4e18-8275-1ab794c22f81","***","2026-09-22T21:54:23.487Z","732","Weapons Offense (Guns/Shots Fired)"
"d3b65d61-ec85-458c-a511-eb3765ed97be","***","2026-09-22T21:55:16.998Z","3","Drugs/Narcotics"
"67d777cd-c132-43ac-9ee6-3a75b0d8bd57","***","2026-09-22T22:00:05.703Z","3","Drugs/Narcotics"
"f81e3c1f-779a-4e9d-a046-88c6f6dcb4b5","***","2026-09-22T22:01:26.790Z","5","Financial Crime (Embezzlement/Fraud)"
"dc40b356-2ae6-4509-9c61-4b4a943fdb8a","***","2026-09-22T23:21:48.116Z","146","Motor Vehicle Theft/Stolen"
"bbfebfa1-6cb1-454c-8c9b-941925b4bf86","***","2026-09-23T00:20:16.384Z","739","Drugs/Narcotics"
"9f120856-6afc-47ba-b755-a7a5b7cb0667","***","2026-09-23T01:06:47.733Z","145","Assault/Battery Offenses"
"224e96b3-012e-40bd-a2bc-c68ece6252f5","***","2026-09-23T01:33:29.070Z","3","Motor Vehicle Theft/Stolen"
"009c8b85-c992-4737-8160-2dc96c74773e","***","2026-09-23T01:50:44.542Z","727","Financial Crime (Embezzlement/Fraud)"
"6061fc37-4589-4a0f-a617-d1341e3b95ad","***","2026-09-23T02:05:12.458Z","145","Assault/Battery Offenses"
"134c6e6d-1b7d-4c7e-91fe-4fdfe0f08e62","***","2026-09-23T03:48:36.548Z","732","Weapons Offense (Guns/Shots Fired)"
"afffec6f-ca0b-4208-86c3-5fab1b2a4a63","***","2026-09-23T03:51:31.375Z","3","Motor Vehicle Theft/Stolen"
"318a5c31-e7e9-4f97-8945-efb790cee942","***","2026-09-23T10:56:12.850Z","743","Homicide/Death Investigation"
"12b45d0f-2a7b-45ba-9e3d-fa74252a1776","***","2026-09-23T13:18:20.858Z","740","Homicide/Death Investigation"
"9d7239de-d03e-4a40-83c6-f83a0b64e071","***","2026-09-23T13:56:50.731Z","743","Homicide/Death Investigation"
"9c8f853f-cafa-4489-82ad-9646adb52bcb","***","2026-09-23T14:19:07.813Z","743","Homicide/Death Investigation"
"a1cd902a-8b2e-4bde-87ac-0a6ab35a4802","***","2026-09-23T14:19:35.064Z","132","Assault/Battery Offenses (Domestic)"
"fa588ade-996d-4157-9a21-d04a6c576147","***","2026-09-23T14:53:34.531Z","132","Larceny/Theft Offenses"
"4798d005-d78a-4efd-a594-a16c08d2fbcd","***","2026-09-23T15:11:41.202Z","3","Assault/Battery Offenses (Domestic)"
"8e78337a-3460-4751-a844-c43a96fc1761","***","2026-09-23T15:16:30.070Z","727","Financial Crime (Embezzlement/Fraud)"
"ea07bd6c-e96b-425e-812f-94ba8d6ab8c3","***","2026-09-23T16:13:31.341Z","146","Drugs/Narcotics"
"3c6afdb1-cb8f-452f-bd99-5017e7ed6139","***","2026-09-23T18:57:00.511Z","145","Hit and Run/Car Accident"
"83d264c8-964b-4528-890f-18e70908d3c6","***","2026-09-23T19:00:28.440Z","3","Hit and Run/Car Accident"
"6fac32e1-4f3d-47a2-8cd3-bb6fa0a48ea8","***","2026-09-23T19:58:59.116Z","146","Weapons Offense (Guns/Shots Fired)"
"f7e62672-b045-42e6-8b81-7208283d3c34","***","2026-09-23T20:16:17.201Z","146","Weapons Offense (Guns/Shots Fired)"
"97be94a1-12ef-4605-9c76-021922fb8e4f","***","2026-09-23T21:14:52.803Z","146","Weapons Offense (Guns/Shots Fired)"
"0816b747-f5ca-4598-af1d-9fef9dec54ba","***","2026-09-23T22:18:00.206Z","725","Financial Crime (Embezzlement/Fraud)"
"4e426e4e-164a-4542-9b58-e134b54ce876","***","2026-09-23T23:23:47.250Z","3","Animal Offenses (cruelty/neglect)"
"af6893db-7863-4ebc-bf52-ff428b406233","***","2026-09-23T23:31:31.641Z","731","Motor Vehicle Theft/Stolen"
"3e944926-b353-4ecf-84d8-6c0898659a1b","***","2026-09-24T08:09:39.686Z","728","Financial Crime (Embezzlement/Fraud)"
"b8f30804-77c6-46b6-982d-6d08ef9401bd","***","2026-09-24T17:19:57.707Z","146","Wanted Person (Arrest Warrant/Fugitive)"
"ae140acb-532b-49e5-ba30-f966f7992855","***","2026-09-24T17:53:01.255Z","727","Wanted Person (Arrest Warrant/Fugitive)"
"00f06f34-d262-44fa-94bc-73f663fa3e7c","***","2026-09-24T18:37:47.638Z","736","Drugs/Narcotics"
"1b0a37dc-61d6-48cf-9ad4-78cac9dfec97","***","2026-09-24T19:36:41.424Z","725","Drugs/Narcotics"
"98f4986a-8931-43cb-890e-1b0e27ee3d78","***","2026-09-24T19:43:53.499Z","725","Drugs/Narcotics"
"bd856e06-e014-446c-a07b-800403327d0e","***","2026-09-24T20:05:40.784Z","3","Hit and Run/Car Accident"
"3e89ca0f-f953-41fe-950d-d56484a38001","***","2026-09-24T20:26:02.230Z","3","Drugs/Narcotics"
"9a3a4eb4-5773-482f-b82e-0635b7af8897","***","2026-09-24T22:02:40.220Z","3","Drugs/Narcotics"
"32e015b2-471e-4b63-9f79-6958dcaee7df","***","2026-09-24T22:05:49.558Z","725","Drugs/Narcotics"
"32f8d86c-5e11-482c-8d23-41f026c4221c","***","2026-09-24T22:10:16.679Z","725","Drugs/Narcotics"
"8b22f3be-f2ed-4c3f-948f-4ebafdf6ac50","***","2026-09-24T23:15:24.219Z","1","Drugs/Narcotics"
"4b123111-f734-4019-98d9-874650f8e163","***","2026-09-25T00:01:08.217Z","3","Drugs/Narcotics"
"6698c1cb-8cc9-47f9-b1a8-9598be88713f","***","2026-09-25T01:33:42.799Z","730","Wanted Person (Arrest Warrant/Fugitive)"
"452d2878-0b28-463c-8c9a-13a217492a50","***","2026-09-25T03:19:30.286Z","1","Weapons Offense (Guns/Shots Fired)"
"ddc6d4f2-e42a-4304-b530-9e94c0db6915","***","2026-09-25T03:19:46.933Z","1","Weapons Offense (Guns/Shots Fired)"
"2524a434-3a9b-4fa8-b029-4cd634a4b6c9","***","2026-09-25T03:32:11.082Z","3","Weapons Offense (Guns/Shots Fired)"
"ce32ee15-2d69-4664-a472-50e5962c8a65","***","2026-09-25T04:13:19.944Z","3","Obstructing Justice"
"61cb914e-4254-476d-a9e5-86e949661b27","***","2026-09-25T04:47:21.350Z","146","Motor Vehicle Theft/Stolen"
"1e499cd3-4906-4020-aeec-f9186383e01c","***","2026-09-25T11:41:28.619Z","146","Motor Vehicle Theft/Stolen"
"5fb26427-c416-4df0-9ffd-c9d705e43718","***","2026-09-25T14:23:27.313Z","146","Motor Vehicle Theft/Stolen"
"e9094456-7f6c-4016-8111-f8def26f8c9a","***","2026-09-25T14:29:30.725Z","146","Motor Vehicle Theft/Stolen"
"201a4d07-bff5-4279-9662-3c168947f147","***","2026-09-25T14:48:29.503Z","132","Motor Vehicle Theft/Stolen"
"ec40a1fb-83d8-41ea-aa2a-15681063d043","***","2026-09-25T15:36:21.383Z","146","Motor Vehicle Theft/Stolen"
"0092b6d9-336d-4af2-9442-876fc69b906b","***","2026-09-25T16:39:29.550Z","146","Motor Vehicle Theft/Stolen"
"fe5b8eb5-b307-4ffb-9835-75a6c426dd78","***","2026-09-25T17:16:01.859Z","146","Motor Vehicle Theft/Stolen"
"8d9a740d-d3ef-4318-a6a4-935eaadfeabf","***","2026-09-25T18:16:38.562Z","146","Motor Vehicle Theft/Stolen"
"8c601c60-252f-4277-859b-eae4435bc5b0","***","2026-09-25T18:45:15.776Z","146","Motor Vehicle Theft/Stolen"
"45ee4517-4bc8-48eb-bc7d-7774dfa4c963","***","2026-09-25T18:52:49.449Z","145","Assault/Battery Offenses"
"614a8e25-8391-4231-9ec7-f83ca936fff4","***","2026-09-25T18:56:37.987Z","145","Obstructing the Police (Fleeing/Eluding)"
"5b550afc-5b35-4d8c-89c7-164a0c54a01f","***","2026-09-25T19:00:49.468Z","145","Assault/Battery Offenses"
"8ee5e581-c8c0-4c08-b705-522801a7a80e","***","2026-09-25T19:00:49.779Z","145","Obstructing the Police (Fleeing/Eluding)"
"35378d86-fbcd-4076-b370-52394568836a","***","2026-09-25T19:07:08.487Z","146","Wanted Person (Arrest Warrant/Fugitive)"
"0723e6c2-d57f-4937-a79b-3fa269fdd0b4","***","2026-09-25T19:07:19.926Z","146","Motor Vehicle Theft/Stolen"
"64a50915-a96d-40bd-b419-c83170a1164f","***","2026-09-25T19:09:04.409Z","145","Obstructing the Police (Fleeing/Eluding)"
"b578d8f5-3814-45a6-96f4-b005841bf481","***","2026-09-25T19:18:03.847Z","146","Wanted Person (Arrest Warrant/Fugitive)"
"aa17118f-99a6-4725-b99f-da3afe6e0127","***","2026-09-25T19:25:56.807Z","146","Motor Vehicle Theft/Stolen"
"8185de21-d040-425e-9a94-7c3196b5b226","***","2026-09-25T20:00:46.302Z","146","Motor Vehicle Theft/Stolen"
"0cb62732-5ce9-47a9-a272-e1dbe82c569e","***","2026-09-25T20:00:52.268Z","146","Wanted Person (Arrest Warrant/Fugitive)"
"ce77037d-9bdf-4b93-aaea-645418cbc688","***","2026-09-25T20:00:57.661Z","146","Motor Vehicle Theft/Stolen"
"177a9805-7734-497c-9b09-cb3055e448bc","***","2026-09-25T20:19:40.743Z","132","Motor Vehicle Theft/Stolen"
"3b5dcecd-5191-4ed4-a60f-dcd896e3b8e3","***","2026-09-25T20:21:34.089Z","146","Stolen Property Offenses"
"ffd9414f-7667-43b6-bf7a-54c8db59b733","***","2026-09-25T20:22:56.554Z","146","Motor Vehicle Theft/Stolen"
"c27c2bbd-e326-4836-a794-43495355e155","***","2026-09-25T20:29:26.536Z","132","Motor Vehicle Theft/Stolen"
"cf08c053-ad96-4cb6-80e0-1b0488ee34b1","***","2026-09-25T20:50:07.305Z","5","Motor Vehicle Theft/Stolen"
"98db15cb-a259-4f25-9942-427ba7651651","***","2026-09-25T21:01:28.819Z","146","Motor Vehicle Theft/Stolen"
"9859da1f-a114-4413-871a-c06726e1174e","***","2026-09-25T21:04:47.565Z","132","Motor Vehicle Theft/Stolen"
"a337a0db-aec9-4621-85b4-59920d692e49","***","2026-09-25T21:09:09.356Z","146","Stolen Property Offenses"
"ff20969f-b0ba-4c15-8f03-be86ba04f15a","***","2026-09-25T21:09:19.065Z","146","Wanted Person (Arrest Warrant/Fugitive)"
"cd9e37de-e450-4e9d-9b81-ed75c1826200","***","2026-09-25T21:09:25.389Z","146","Motor Vehicle Theft/Stolen"
"cc594d46-4daf-4074-a1f4-4909188a3c65","***","2026-09-25T21:17:35.121Z","5","Motor Vehicle Theft/Stolen"
"a6d53ffe-1d4c-407b-8833-e688dbf197f9","***","2026-09-25T22:05:50.781Z","5","Motor Vehicle Theft/Stolen"
"5ebc3540-c5fa-402d-82d9-7b5fcbe37b71","***","2026-09-25T22:06:38.413Z","146","Motor Vehicle Theft/Stolen"
"99737b0c-0750-44a3-b7ee-0fac07f9df68","***","2026-09-26T00:17:08.690Z","145","Assault/Battery Offenses"
"2bd0d355-0061-4c3f-8eaa-43a8f23df806","***","2026-09-26T02:20:35.202Z","726","Drugs/Narcotics"
"ce7b400b-8f75-45e0-b6f2-d4fca137af9e","***","2026-09-26T02:27:27.381Z","724","Driving Under the Influence (DUI/DWI/OWI/OVI)"
"ee002252-725e-4e59-8ab4-9b8dfbb5d749","***","2026-09-26T02:33:04.935Z","5","Motor Vehicle Theft/Stolen"
"94c56140-1daa-4d5f-b030-cfb501c74322","***","2026-09-26T02:44:39.752Z","145","Assault/Battery Offenses"
"d13e36d9-3f34-4651-aa10-4f89cdc8f3e9","***","2026-09-26T04:07:24.173Z","2","Hit and Run/Car Accident"
"3813193d-d7dd-4706-bdaf-6aa6a5cf2983","***","2026-09-26T04:15:18.555Z","3","Traffic Infraction"
"8cc25248-80d1-4742-bfb8-3b7c63fe283b","***","2026-09-26T04:28:45.078Z","5","Motor Vehicle Theft/Stolen"
"68f585b4-e1df-4479-b6e1-c61c05bffc2e","***","2026-09-26T04:38:27.641Z","3","Hit and Run/Car Accident"
"ae7cb153-0379-42a3-a59c-2584bb2acacc","***","2026-09-26T04:41:59.670Z","3","Obstructing the Police (Fleeing/Eluding)"
"f59b65ca-c682-42f5-a28d-f52f91fe65d2","***","2026-09-26T04:59:04.536Z","3","Hit and Run/Car Accident"
"126579c0-8654-4cc6-b4f3-7c031ad36e67","***","2026-09-26T05:00:27.161Z","1","Hit and Run/Car Accident"
"711ddc46-79ef-4db8-88d0-37d9d61cc453","***","2026-09-26T05:08:02.412Z","145","Hit and Run/Car Accident"
"0368fb26-4c80-42c9-bc2d-5c02f938c601","***","2026-09-26T05:21:03.221Z","1","Hit and Run/Car Accident"
"d8f4ea15-54f4-44fd-96a0-0fd42959fad8","***","2026-09-26T06:08:18.610Z","3","Hit and Run/Car Accident"
"bf27d9a8-89dd-49f9-b157-b14e7e944dfc","***","2026-09-26T06:09:42.709Z","3","Assault/Battery Offenses"
"eef64bed-dcf7-470a-8e40-25e459f5b7a9","***","2026-09-26T06:10:52.062Z","733","Assault/Battery Offenses"
"2c64b78e-44c6-47e7-93b9-b017a4a47fb6","***","2026-09-26T07:26:38.802Z","3","Hit and Run/Car Accident"
"6d824490-ba87-4849-aad1-7efe17194d5a","***","2026-09-26T07:59:55.503Z","726","Hit and Run/Car Accident"
"271c5466-89f2-420b-bf64-9f0d14940c0e","***","2026-09-26T08:00:12.731Z","726","Hit and Run/Car Accident"
"c628f45b-b7a0-44a3-9225-4b430a3c3068","***","2026-09-26T10:04:28.307Z","146","Motor Vehicle Theft/Stolen"
"4d5ba544-a415-416a-963c-3d8ea31fdcb8","***","2026-09-26T10:06:00.795Z","9","Larceny/Theft Offenses"
"90410f42-c6a5-42d9-ad33-2b8942a83b88","***","2026-09-26T10:06:57.010Z","132","Motor Vehicle Theft/Stolen"
"6b52f8d4-eb10-4095-bc0b-45d7bd218c5f","***","2026-09-26T10:13:28.701Z","146","Motor Vehicle Theft/Stolen"
"f928a728-3052-41d6-8229-2db593d76eac","***","2026-09-26T10:17:13.482Z","146","Motor Vehicle Theft/Stolen"
"58305ccc-8c15-4a21-adc2-cb889f869327","***","2026-09-26T10:17:24.119Z","146","Stolen Property Offenses"
"bf4a2d85-e9c7-4769-ad60-a1e5a9117a69","***","2026-09-26T10:26:11.549Z","3","Motor Vehicle Theft/Stolen"
"ad5860a3-cc02-4d47-9443-d6d55ee70ace","***","2026-09-26T10:26:35.450Z","146","Motor Vehicle Theft/Stolen"
"911001e0-dca7-4080-86ea-d72dc6b24ad7","***","2026-09-26T12:25:58.421Z","146","Motor Vehicle Theft/Stolen"
"7a0ef26a-6f9c-4d56-b88f-2fe192c215c3","***","2026-09-26T12:45:22.573Z","132","Motor Vehicle Theft/Stolen"
"5535dd55-a4a1-434f-9da4-e922fa7056ef","***","2026-09-26T13:23:52.541Z","3","Motor Vehicle Theft/Stolen"
"7ae0e805-dc35-42eb-bb16-9dfcd934cd03","***","2026-09-26T13:51:52.675Z","146","Motor Vehicle Theft/Stolen"
"4944638d-c4bd-4a6e-9cdd-bdd19ca0fc7a","***","2026-09-26T14:13:37.428Z","146","Motor Vehicle Theft/Stolen"
"a1af6989-4a21-4f8d-bd00-2ab928770775","***","2026-09-26T14:23:57.058Z","146","Motor Vehicle Theft/Stolen"
"3893d0e1-44ea-458e-a16a-05fd6e15bce2","***","2026-09-26T14:44:53.457Z","146","Stolen Property Offenses"
"d181ad98-4e22-4041-8943-907b12c1f454","***","2026-09-26T15:12:57.038Z","146","Motor Vehicle Theft/Stolen"
"207de1e3-261d-42d8-957e-c9d9af92de1e","***","2026-09-26T15:20:20.516Z","145","Obstructing the Police (Fleeing/Eluding)"
"e7a6c708-b92e-4be5-8abd-fbd0e07c5741","***","2026-09-26T16:10:25.182Z","146","Motor Vehicle Theft/Stolen"
"3dca69f5-8877-4568-b9ca-7fc9dded8306","***","2026-09-26T18:27:33.665Z","146","Motor Vehicle Theft/Stolen"
"40dfab88-c806-483a-b6cf-c7a388553050","***","2026-09-26T20:54:55.379Z","146","Motor Vehicle Theft/Stolen"
"4a7c291f-5d2a-456a-8b42-fc9414450bc9","***","2026-09-26T21:07:13.289Z","146","Motor Vehicle Theft/Stolen"
"f0e29826-0dbb-4612-93f2-50b93b8c8875","***","2026-09-26T21:07:38.498Z","146","Motor Vehicle Theft/Stolen"
"a1c6015a-1b1a-4b71-b981-d59f54cb2511","***","2026-09-27T00:29:23.555Z","725","Drugs/Narcotics, Welfare Check"
"456286fb-0e18-45c2-afca-7a4207972ac8","***","2026-09-27T04:30:50.135Z","146","Burglary/Breaking & Entering"
"d33c55d1-76df-47dd-85e0-6fc10bc19c83","***","2026-09-27T05:49:35.955Z","724","Criminal Motor Vehicle Offense (incl. Road Rage/Reckless)"
"0ae13022-7d0c-4b6f-a3f9-80c1c0055a28","***","2026-09-27T06:00:30.729Z","3","Criminal Motor Vehicle Offense (incl. Road Rage/Reckless)"
"63d6a752-14d5-4191-96b8-ebbf5b12680d","***","2026-09-27T06:21:51.382Z","9","Larceny/Theft Offenses"
"e1a86ac2-2607-44fe-b5f9-4ea3fd18b6c0","***","2026-09-27T06:44:37.627Z","3","Weapons Offense (Guns/Shots Fired)"
"f7a65146-6bba-4da8-9e7c-b34e0af4e5c8","***","2026-09-27T08:59:13.364Z","146","Homicide/Death Investigation"
"7ed744a5-7c07-4050-8345-f90680f87926","***","2026-09-27T09:00:07.443Z","3","Homicide/Death Investigation"
"4c530e5b-de66-4a2e-b32e-c6b9cceec0a0","***","2026-09-27T09:15:52.478Z","146","Weapons Offense (Guns/Shots Fired)"
"1e71edad-7ebf-46e4-b417-4ee71a8eda35","***","2026-09-27T10:31:32.481Z","993","Homicide/Death Investigation"
"591a5cd0-4ca8-4600-8825-473e1010081c","***","2026-09-27T14:17:18.181Z","146","Motor Vehicle Theft/Stolen"
"1d7f300a-c7fe-48e7-b7bf-59c33f43f331","***","2026-09-27T14:43:45.489Z","3","Homicide/Death Investigation"
"6a6f8696-12e3-4fd8-9b51-db6a59bc1d46","***","2026-09-27T14:54:49.319Z","733","Homicide/Death Investigation"
"4bc8e46e-e1d3-4504-8f8f-1c0bfa8d11d7","***","2026-09-27T15:25:31.547Z","146","Motor Vehicle Theft/Stolen"
"de22f715-f7d5-4d4c-8ea3-47dca806f838","***","2026-09-27T16:34:40.175Z","146","Motor Vehicle Theft/Stolen"
"134f5f57-8304-46bf-91f2-1d6175206d84","***","2026-09-27T18:46:40.446Z","146","Motor Vehicle Theft/Stolen"
"1e1f7939-89d3-41b5-9fce-546ab3199286","***","2026-09-27T18:50:15.331Z","4","Weapons Offense (Guns/Shots Fired)"
"99a37bce-ce4d-49d8-a15f-480ef82bd80a","***","2026-09-27T19:20:33.774Z","3","Weapons Offense (Guns/Shots Fired)"
"2dafc96c-1572-475c-831b-a64e3edcaf60","***","2026-09-27T19:51:33.386Z","146","Weapons Offense (Guns/Shots Fired)"
"f92203fa-fe1a-4ca3-a05e-287f4893230b","***","2026-09-27T20:07:19.922Z","146","Motor Vehicle Theft/Stolen"
"9fa6123e-c79c-4a3e-b3c3-c3f42a33101b","***","2026-09-27T20:38:08.005Z","3","Homicide/Death Investigation"
"6bca2753-f57d-4b02-b276-53863ecf58a3","***","2026-09-27T21:03:34.493Z","146","Motor Vehicle Theft/Stolen"
"18590ca5-905a-4cf3-8e65-c3d3ff91cb95","***","2026-09-27T21:04:25.051Z","733","Homicide/Death Investigation"
"28432006-9540-4728-93b1-498bcea07c67","***","2026-09-27T21:09:58.250Z","2",""
"989bcc7f-8126-4689-a7ac-5ab86469c063","***","2026-09-27T21:15:11.685Z","146","Wanted Person (Arrest Warrant/Fugitive)"
"566d6ede-d4d2-4d7c-abdf-9aed464ceed5","***","2026-09-27T21:28:10.390Z","146","Homicide/Death Investigation"
"d36aa443-eef6-4c6d-a14b-482e47d87282","***","2026-09-27T22:02:39.836Z","2",""
"aa0c7caa-32ca-4e61-b9bb-6c74c2c6f0b5","***","2026-09-27T22:45:18.911Z","3","Homicide/Death Investigation"
"34164181-d02f-4b32-bec2-4d8bb3d1193c","***","2026-09-27T22:45:52.075Z","3","Homicide/Death Investigation"
"c4e79f5d-7c57-4436-a25e-a0b8688140ed","***","2026-09-27T23:27:32.659Z","8","Homicide/Death Investigation"
"245e0aac-d28f-429d-a191-adecea7d31ef","***","2026-09-27T23:32:31.872Z","3","Homicide/Death Investigation"
"e04fdbbc-9fdc-48e2-88ab-7ee18a38bb04","***","2026-09-27T23:34:54.642Z","1","Homicide/Death Investigation"
"cbf1626d-f934-4a3a-b92d-fa4ceedb8462","***","2026-09-27T23:44:30.504Z","1","Homicide/Death Investigation"
"392f784f-6e2d-4a1a-886c-96cb478e4013","***","2026-09-27T23:48:40.048Z","3","Motor Vehicle Theft/Stolen"
"9345d868-59e8-4d08-b6a4-116d7921a7db","***","2026-09-27T23:49:19.979Z","4","Homicide/Death Investigation"
"d7128e3b-0e43-4998-8c50-c906d9f7acc8","***","2026-09-28T00:00:05.935Z","1","Homicide/Death Investigation"
"3d42a329-6e11-462e-8352-16eb31bfdcaf","***","2026-09-28T00:01:38.220Z","132","Homicide/Death Investigation"
"18d52aaa-5d1d-4f78-bc98-d28537daf5e6","***","2026-09-28T00:08:30.645Z","3","Homicide/Death Investigation"
"9da71e36-4840-4d15-a53a-028703e7deae","***","2026-09-28T01:14:36.138Z","1","Homicide/Death Investigation"
"d2d5565c-9150-4a2f-9bba-8b6d5ec950fb","***","2026-09-28T01:53:03.310Z","716","Weapons Offense (Guns/Shots Fired)"
"f9bc091f-725e-4cb6-8656-f39fdb07fade","***","2026-09-28T02:27:27.931Z","5","Homicide/Death Investigation"
"9f086740-90a7-4d9b-a1c3-45b3048b0860","***","2026-09-28T03:03:37.267Z","3","Weapons Offense (Guns/Shots Fired)"
"7e2ccd3c-f540-4740-9cc4-1ab51aacc78b","***","2026-09-28T03:07:14.950Z","146","Homicide/Death Investigation"
"656fbd80-e47f-437c-9fb4-73237e6fa360","***","2026-09-28T03:20:02.862Z","145","Obstructing the Police (Fleeing/Eluding)"
"efa1a417-ac93-40be-a7a7-4c4a0a48e1d0","***","2026-09-28T03:29:35.114Z","145","Obstructing the Police (Fleeing/Eluding)"
"b292d07c-06f5-4c02-a935-4246341d8195","***","2026-09-28T03:31:31.492Z","724","Obstructing the Police (Fleeing/Eluding)"
"09555857-4c7e-4b8e-a322-c202890fa1a0","***","2026-09-28T04:41:45.685Z","3","Obstructing the Police (Fleeing/Eluding)"
"776c937f-3c72-4cd4-a9d4-b745a57fc595","***","2026-09-28T06:22:33.029Z","3","Motor Vehicle Theft/Stolen"
"e4ec2c13-7e8b-4692-9772-6d24a36c8e97","***","2026-09-28T08:06:36.019Z","136","Traffic Infraction"
"b6de7297-dca4-45fd-9070-fc248eb39408","***","2026-09-28T11:32:19.163Z","733","Homicide/Death Investigation"
"c3434857-b676-4ba2-89bd-8ca4d6979bb9","***","2026-09-28T12:11:52.177Z","2",""
"b30875ac-ccb6-4649-8afb-753a3e6e75d8","***","2026-09-28T17:19:41.424Z","3","Homicide/Death Investigation"
"a44be9ed-65e7-42aa-8d86-43283bcd808d","***","2026-09-28T17:30:17.397Z","2",""
"1dbd0679-cdba-48e9-9950-1fc622c87734","***","2026-09-28T18:56:47.445Z","723","Curfew/Loitering/Vagrancy Violations"
"3cc14e5f-7a3a-4df7-9f1e-813c8df7cb2d","***","2026-09-28T19:07:50.035Z","723","Curfew/Loitering/Vagrancy Violations"
"0cc34e72-6ca7-481a-89ea-1c88d0361314","***","2026-09-28T19:40:58.930Z","725","Homicide/Death Investigation"
"466bb9ed-0096-475d-a0d8-ec90d9cbd0a3","***","2026-09-28T19:57:01.879Z","5","Homicide/Death Investigation"
"e9460d21-19ad-4f16-b0fc-9c9f22cd7fb2","***","2026-09-28T20:02:05.245Z","725","Homicide/Death Investigation"
"130eb022-9279-4511-a546-d19c240625f4","***","2026-09-28T20:39:22.860Z","132","Homicide/Death Investigation"
"8a20e97a-8515-4186-8930-9ace0a01d7d1","***","2026-09-28T20:47:06.819Z","990","Homicide/Death Investigation"
"bb9baa9c-6a95-4779-98f4-34d603e59ad8","***","2026-09-28T20:48:42.701Z","146","Weapons Offense (Guns/Shots Fired)"
"1bd629ca-2c96-48ec-a9d4-2e8aa68332a7","***","2026-09-29T02:27:46.624Z","3","Homicide/Death Investigation"
"54f6ae53-808a-4f4c-b89c-41eb3bc5b73b","***","2026-09-29T02:40:04.674Z","3","Motor Vehicle Theft/Stolen"
"cd10588a-9e26-4dbb-8863-0ad78928b12c","***","2026-09-29T02:57:46.723Z","2","Homicide/Death Investigation"
"1bc2a969-56ff-4b4a-aa97-aec81cf04a7d","***","2026-09-29T03:09:22.515Z","725","Homicide/Death Investigation"
"e23cbf6e-3fea-423d-b231-a13ba57a763b","***","2026-09-29T03:16:12.584Z","146","Weapons Offense (Guns/Shots Fired)"
"b672b9a8-234c-4847-9b5f-d055d5a2e4d0","***","2026-09-29T03:20:53.450Z","3","Homicide/Death Investigation"
"bddcf6dd-18b5-4ef0-bace-e867c2a3c9aa","***","2026-09-29T03:22:09.584Z","5","Homicide/Death Investigation"
"e7b4e871-7baf-4f4d-b6a2-bbccbd22472b","***","2026-09-29T03:26:58.748Z","735","Homicide/Death Investigation"
"cc5d3b29-15c9-455d-9cb2-52b6d11845cd","***","2026-09-29T03:33:35.957Z","3","Homicide/Death Investigation"
"c54880c4-7a25-4889-86d1-94ecfb91bebc","***","2026-09-29T04:53:14.421Z","3","Motor Vehicle Theft/Stolen"
"c6627e8e-a4f0-48a9-bb31-5fa78b3343a9","***","2026-09-29T04:57:22.539Z","1","Homicide/Death Investigation"
"6d49c4c8-450c-4e09-8a50-cc4af82e432e","***","2026-09-29T05:07:19.892Z","725","Homicide/Death Investigation"
"992da08a-e08d-4829-bfeb-76d431577a79","***","2026-09-29T05:59:15.380Z","2",""
"eb809af3-f235-428e-9106-4fd3e2b06827","***","2026-09-29T06:01:05.651Z","732","Homicide/Death Investigation"
"8e914227-09a9-4ca8-b7b0-09a846582985","***","2026-09-29T06:01:31.691Z","3","Homicide/Death Investigation"
"0b62571c-e50e-4fef-88f8-1a6c477f3ad6","***","2026-09-29T07:58:53.257Z","145","Hit and Run/Car Accident"
"ec58b369-5798-40f5-b7e9-34b944bad47f","***","2026-09-29T10:47:37.665Z","146","Homicide/Death Investigation"
"f476d202-3a89-4a4c-994b-e087b1974e74","***","2026-09-29T11:26:30.534Z","1","Homicide/Death Investigation"
"b023ad04-7997-4a10-bfc2-9e0263011485","***","2026-09-29T11:27:47.917Z","3","Criminal Motor Vehicle Offense (incl. Road Rage/Reckless)"
"c70486b3-7b1b-4bc5-ad54-a67d8d8590c2","***","2026-09-29T12:09:22.752Z","129","Disorderly Conduct/Disturbance"
"f5e93c84-2acc-4047-87d7-580a87439014","***","2026-09-29T14:35:42.376Z","3","Homicide/Death Investigation"
"1fb167db-7791-428a-84ff-978030748a1f","***","2026-09-29T15:52:57.928Z","3","Homicide/Death Investigation"
"14de2bee-28ae-4e89-9a12-633d462429b7","***","2026-09-29T16:11:17.457Z","3","Drugs/Narcotics"
"460b2d1d-e723-4da3-9efd-f2953e19b1ef","***","2026-09-29T16:22:44.195Z","2",""
"a91d490a-0843-4b46-9c66-9452055cf993","***","2026-09-29T16:22:53.001Z","146","Homicide/Death Investigation"
"09050bd5-1408-4c27-a6ea-be68a6319e67","***","2026-09-29T16:35:46.189Z","2",""
"fe7c1f7f-61f7-41ba-bc26-a910a6d05197","***","2026-09-29T16:41:12.128Z","146","Stolen Property Offenses"
"b36b6b80-9a1a-4137-95aa-1a3f2b098719","***","2026-09-29T18:49:36.686Z","12","Robbery"
"72da1381-7ebe-4d29-90ef-e454531563ef","***","2026-09-29T19:36:59.746Z","3","Homicide/Death Investigation"
"aeac8c41-005b-49f6-81a8-c6aeeafef89a","***","2026-09-29T19:48:31.339Z","2",""
"48347ae3-1adf-42df-92ac-320af5a78bac","***","2026-09-29T20:03:11.930Z","146","Homicide/Death Investigation"
"5fcf32b9-ca33-4e03-b9b0-e2fb144bc9e7","***","2026-09-29T21:03:14.178Z","146","Homicide/Death Investigation"
"03fc95fe-9ed6-4a5d-91f6-616c07eccab1","***","2026-09-29T21:03:31.328Z","724","Motor Vehicle Theft/Stolen"
"82fb49fa-736c-41df-b41a-144d6527c066","***","2026-09-29T21:05:03.023Z","132","Motor Vehicle Theft/Stolen"
"bcf0749a-5d32-4f52-85bd-807a1df79792","***","2026-09-29T21:12:23.205Z","3","Homicide/Death Investigation"
"9dcd96b3-c18a-415c-981d-1c77042b7a15","***","2026-09-29T21:14:38.840Z","3","Homicide/Death Investigation"
"28386bf4-2420-4c56-ba99-c861fd013dae","***","2026-09-29T21:36:17.624Z","2",""
"fb14542f-4527-436c-88f7-284588eb1f0f","***","2026-09-29T21:42:47.223Z","724","Homicide/Death Investigation"
"29ab9419-241a-4427-9166-b519cd8a07ea","***","2026-09-29T22:36:45.996Z","3","Wanted Person (Arrest Warrant/Fugitive)"
"728fd2d8-1d39-492c-90bc-913f95ee84fc","***","2026-09-30T00:15:37.674Z","724","Motor Vehicle Theft/Stolen"
"5dd4b0ed-1965-4088-88c2-0192de870b2c","***","2026-09-30T01:27:25.728Z","724","Motor Vehicle Theft/Stolen"
"0f48c6fa-c465-4de4-be03-7be209dc94d4","***","2026-09-30T03:35:43.346Z","724","Wanted Person (Arrest Warrant/Fugitive)"
"b30b3654-ffb8-4268-98a9-a5518325a407","***","2026-09-30T03:56:32.953Z","724","Wanted Person (Arrest Warrant/Fugitive)"
"57283677-cf3f-4e41-9185-06d853e47a09","***","2026-09-30T04:01:16.131Z","724","Wanted Person (Arrest Warrant/Fugitive)"
"17fbfdbd-2e11-44be-a31c-10462aa32b05","***","2026-09-30T04:05:29.602Z","724","Wanted Person (Arrest Warrant/Fugitive)"
"cb9656e8-c1b4-4708-b1ed-62e78cca4da6","***","2026-09-30T06:23:19.860Z","724","Wanted Person (Arrest Warrant/Fugitive)"
"2bde4d19-1b78-461e-9ebe-1755c78794c2","***","2026-09-30T07:04:26.561Z","724","Wanted Person (Arrest Warrant/Fugitive)"
"5f122a54-ad51-4ef9-a791-543a2a0b7384","***","2026-09-30T07:30:42.636Z","144","Assault/Battery Offenses"
"7f6b5e57-b484-4a79-9493-f45db35e297f","***","2026-09-30T07:31:12.646Z","1","Assault/Battery Offenses"
"d72a2353-60b7-4fbc-82db-5c20b07d3c3e","***","2026-09-30T07:34:42.243Z","146","Assault/Battery Offenses (Domestic)"
"09b5896a-032e-4870-ab83-cc21177eadb8","***","2026-09-30T08:02:02.567Z","724","Wanted Person (Arrest Warrant/Fugitive)"
"a07ba138-c240-4da2-87a0-96be4582e9c7","***","2026-09-30T09:05:25.429Z","3","Homicide/Death Investigation"
"193e03ac-2c07-4570-8df7-585f742a42dd","***","2026-09-30T10:53:12.589Z","3","Motor Vehicle Theft/Stolen"
"59b5c39a-ae2f-48a6-8812-8f1ff2ef89aa","***","2026-09-30T11:04:57.490Z","3","Motor Vehicle Theft/Stolen"
"eb6a2db1-ab5b-4181-bb3a-ebe85ed3fc85","***","2026-09-30T11:35:05.699Z","146","Motor Vehicle Theft/Stolen"
"3eef1213-9ee8-4f67-a387-95a938be6b65","***","2026-09-30T13:30:27.229Z","146","Motor Vehicle Theft/Stolen"
"4b3d8fa8-475f-40cf-9b5f-2dcf24e82633","***","2026-09-30T14:52:18.975Z","146","Motor Vehicle Theft/Stolen"
"dc2b3bf3-6acb-471c-96f5-eaa30722387a","***","2026-09-30T14:57:07.674Z","146","Wanted Person (Arrest Warrant/Fugitive)"
"cdca934e-db96-4ecb-b7a6-acfc2aba47c5","***","2026-09-30T15:01:14.377Z","146","Wanted Person (Arrest Warrant/Fugitive)"
"446991a8-56d4-4651-867c-8ee5013d2bb4","***","2026-09-30T15:46:26.197Z","146","Motor Vehicle Theft/Stolen"
"a09b4dc9-96ff-4bac-9277-2b31ee75219f","***","2026-09-30T16:01:14.661Z","146","Motor Vehicle Theft/Stolen"
"73bc0aa9-b247-4df3-949c-a1f7374e34df","***","2026-09-30T17:05:29.026Z","146","Motor Vehicle Theft/Stolen"
"9942272b-470a-4239-9788-72132beecaec","***","2026-09-30T17:57:27.363Z","146","Motor Vehicle Theft/Stolen"
"8f075ceb-4475-4d96-be6f-ce526a340d62","***","2026-09-30T18:00:41.711Z","146","Motor Vehicle Theft/Stolen"
"e3d5c8a2-ad3d-426e-ae28-f7e05228e7c6","***","2026-09-30T18:01:08.984Z","3","Motor Vehicle Theft/Stolen"
"23de575d-d2d2-49d8-8012-d36cdbf3223b","***","2026-09-30T19:03:38.085Z","146","Motor Vehicle Theft/Stolen"
"696ef711-c5ff-4124-8e63-db32b8b04255","***","2026-09-30T19:21:22.292Z","146","Wanted Person (Arrest Warrant/Fugitive)"
"d3d28b07-66d2-4092-9406-6536fb12ea58","***","2026-09-30T20:29:11.396Z","146","Motor Vehicle Theft/Stolen"
"b0ef5a12-21bf-4c12-8e07-355e0a023276","***","2026-09-30T20:43:38.587Z","132","Motor Vehicle Theft/Stolen"
"8c36ecca-7598-440a-ae55-a2fb2c79af2e","***","2026-09-30T21:10:49.936Z","132","Motor Vehicle Theft/Stolen"
"bf06b54d-c3bf-418b-9624-9ea220f19833","***","2026-09-30T21:24:54.090Z","724","Motor Vehicle Theft/Stolen"
"18b883a4-b07b-4ae1-be80-15cdc9d3d991","***","2026-09-30T21:51:30.745Z","146","Motor Vehicle Theft/Stolen"
"c38301c6-8063-4a56-9f70-f75b9a14965e","***","2026-09-30T22:54:42.975Z","131","Stalking"
"f5279e9e-8980-4d84-9d33-34af5e09988c","***","2026-09-30T23:01:23.450Z","724","Motor Vehicle Theft/Stolen"
"b22ce8fd-4fdd-4f9b-93bc-bcb07620a528","***","2026-10-01T02:01:53.450Z","146","Motor Vehicle Theft/Stolen"
"dc2d96ec-99ba-444f-92bf-115a17714ed9","***","2026-10-01T04:34:38.175Z","146","Drugs/Narcotics"
"dfc1dc97-fa14-4a99-a4e3-4c130ff52ae6","***","2026-10-01T05:49:11.589Z","146","Weapons Offense (Guns/Shots Fired)"
"a3bffe5f-7005-41be-bacb-de330660c78f","***","2026-10-01T06:08:14.930Z","146","Weapons Offense (Guns/Shots Fired)"
"3f9a36c8-7fd0-4321-b473-0bcc7b11475d","***","2026-10-01T06:19:42.136Z","722","Assault/Battery Offenses (Domestic), Wanted Person (Arrest Warrant/Fugitive)"
"470366bb-8ea7-4ee1-95c0-7ed63dcde01c","***","2026-10-01T07:03:33.806Z","3","Assault/Battery Offenses (Domestic), Wanted Person (Arrest Warrant/Fugitive)"
"332e7e19-ec2a-42aa-b686-127545ac1231","***","2026-10-01T07:09:33.780Z","144","Obstructing the Police (Fleeing/Eluding)"
"1dba6b98-cd96-46cc-9159-6b95a85dff5f","***","2026-10-01T07:23:58.350Z","3","Obstructing the Police (Fleeing/Eluding)"
"2de3641d-2d8e-4636-a405-4c0c535fc8a8","***","2026-10-01T07:32:23.698Z","721","Obstructing the Police (Fleeing/Eluding)"
"9fe415d9-26ba-4df1-8046-894fe186b9e6","***","2026-10-01T08:44:13.551Z","144","Obstructing the Police (Fleeing/Eluding)"
"b1d38333-865e-41b4-92bb-d7eb000a2ff1","***","2026-10-01T09:02:48.433Z","144","Obstructing the Police (Fleeing/Eluding)"
"62d32dd7-4572-434c-9b49-8d148f8343e0","***","2026-10-01T13:06:44.985Z","733","Motor Vehicle Theft/Stolen"
"64132433-b55d-41fe-92df-193cf6905f55","***","2026-10-01T13:58:49.357Z","1","Homicide/Death Investigation"
"9c4a8001-3d71-4e45-9185-6b5292295e45","***","2026-10-01T14:01:07.913Z","1","Homicide/Death Investigation"
"1760652b-2d85-4510-80a7-42581554da57","***","2026-10-01T14:02:20.087Z","729","Weapons Offense (Guns/Shots Fired)"
"482ee38b-19cf-45e7-95c2-59622e5c8aa8","***","2026-10-01T15:55:35.360Z","728","Weapons Offense (Guns/Shots Fired)"
"6316fd3d-55dc-47a9-a213-113cf2585d8c","***","2026-10-01T16:29:51.105Z","941","City Planning/Traffic Analysis"
"47a3cd8d-e7b9-499f-8f84-66e69bde3bc0","***","2026-10-01T16:30:30.169Z","144","Larceny/Theft Offenses"
"5666d15a-a581-4eb7-a6ec-9e29bd870e3c","***","2026-10-01T17:55:48.544Z","728","Weapons Offense (Guns/Shots Fired)"
"cba81c86-2f82-4aed-b813-87669b0d81c9","***","2026-10-01T18:01:19.847Z","731","Motor Vehicle Theft/Stolen"
"576b63e5-1ec0-48da-8582-6eb7a0d0d7ce","***","2026-10-01T19:31:25.564Z","715","Weapons Offense (Guns/Shots Fired)"
"046ab9ce-3bb4-4c1e-b657-53f9cc3c871d","***","2026-10-02T02:51:23.402Z","718","Drugs/Narcotics"
"6d7fda29-5bc3-4607-8123-167a1a69311d","***","2026-10-02T08:48:39.849Z","726","Burglary/Breaking & Entering"
"b92d21ab-64f0-4493-bab8-07121f29edea","***","2026-10-02T08:51:01.710Z","144","Burglary/Breaking & Entering"
"432c3050-49d6-49b8-a05a-22ba01f46878","***","2026-10-02T08:55:17.235Z","3","Burglary/Breaking & Entering"
"3608df85-ee93-4bd3-a92b-9359a43abd65","***","2026-10-02T08:56:41.487Z","1","Burglary/Breaking & Entering"
"36c8b27e-4112-4e7b-8b91-ffc9c5a5de5a","***","2026-10-02T09:00:05.271Z","3","Burglary/Breaking & Entering"
"ae5a47c0-d785-401c-b5e9-0509bceb5b38","***","2026-10-02T09:18:18.960Z","3","Burglary/Breaking & Entering"
"125f900f-fead-49bf-bb16-b14cd80078a5","***","2026-10-02T09:41:36.596Z","3","Burglary/Breaking & Entering"
"cebad4bc-6542-4982-ac26-215a2174315d","***","2026-10-02T11:16:10.600Z","2","Burglary/Breaking & Entering"
"adba198d-9131-4474-926a-9e1a5e4cd069","***","2026-10-02T11:46:15.313Z","131","Motor Vehicle Theft/Stolen"
"48186fa4-7da8-4c32-a35b-c70da85dba65","***","2026-10-02T12:00:24.914Z","143","Financial Crime (Embezzlement/Fraud)"
"1bec158c-9324-4f29-b3a5-85c4c6e36079","***","2026-10-02T12:22:15.531Z","145","Motor Vehicle Theft/Stolen"
"4e75f686-6122-4a8b-9846-35b68fbefbf2","***","2026-10-02T12:37:05.697Z","144","Larceny/Theft Offenses"
"f731782b-40af-4936-a141-a61647b51d91","***","2026-10-02T12:43:08.158Z","9","Burglary/Breaking & Entering"
"8c1bd92f-18eb-4dfc-886f-b9c54df598b7","***","2026-10-02T12:46:19.989Z","144","Larceny/Theft Offenses"
"eccd78b4-a4e3-465c-9d11-fee932456301","***","2026-10-02T13:02:41.796Z","9","Burglary/Breaking & Entering"
"78aef374-d86d-42d5-9600-e283b59e7ba1","***","2026-10-02T13:14:14.264Z","145","Motor Vehicle Theft/Stolen"
"30b7bad2-abc3-490a-b7d7-85c19ad1ba80","***","2026-10-02T13:18:37.533Z","3","Homicide/Death Investigation"
"b2e208ef-4d2a-4d51-93ed-c5d132e48f4f","***","2026-10-02T13:41:29.652Z","3","Burglary/Breaking & Entering"
"295f11a4-9a3d-4d09-bd98-5423b9abee08","***","2026-10-02T13:42:56.048Z","980","Burglary/Breaking & Entering"
"01c7dee8-0553-4aff-8209-2b3088062aeb","***","2026-10-02T13:43:01.164Z","3","Stolen Property Offenses"
"ea90930c-3a6e-4d19-8492-03378ae54ccc","***","2026-10-02T13:54:20.913Z","143","Financial Crime (Embezzlement/Fraud)"
"8c7e63ba-7478-4a7e-8c7d-3afc2ca8d7c5","***","2026-10-02T14:04:39.652Z","143","Financial Crime (Embezzlement/Fraud)"
"1bec95ba-45d9-44b7-884a-5a2c510be476","***","2026-10-02T14:12:20.373Z","1","Drugs/Narcotics"
"5a7224ea-81a2-47c9-9cf3-f62389b86c55","***","2026-10-02T14:15:00.122Z","8","Motor Vehicle Theft/Stolen"
"e3720658-b3d7-4db6-89c9-dc91091dd210","***","2026-10-02T14:16:09.582Z","3","Burglary/Breaking & Entering"
"df8f2187-5763-4fba-9569-0d74a2d110e2","***","2026-10-02T14:48:50.922Z","1","Homicide/Death Investigation"
"eb978030-c352-4c01-9771-369fbe39174e","***","2026-10-02T15:00:03.446Z","3","Burglary/Breaking & Entering"
"67620e46-bcfc-492d-aa96-97398862fce7","***","2026-10-02T15:01:38.438Z","9","Burglary/Breaking & Entering"
"983778c5-85c9-4a6d-a1a1-0a9102637c1b","***","2026-10-02T15:02:41.387Z","726","Drugs/Narcotics"
"0e93207a-1fdd-4200-ae3c-45840bb5854e","***","2026-10-02T16:08:14.129Z","141","Welfare Check"
"526bff5a-3c39-46c8-bf56-e61f3ba7c8e2","***","2026-10-02T16:09:40.001Z","1","Drugs/Narcotics"
"99958542-e90d-4c33-8c91-cdf616f2c973","***","2026-10-02T16:26:06.271Z","3","Hit and Run/Car Accident"
"6e328422-f66d-4982-965e-9256a15f3fe0","***","2026-10-02T16:36:12.385Z","145","Motor Vehicle Theft/Stolen"
"ea5e47cf-4588-4c31-a912-7b34455b40c3","***","2026-10-02T17:01:01.459Z","9","Motor Vehicle Theft/Stolen"
"63dbbd9b-676c-4888-81c9-a1ed5d6e0e92","***","2026-10-02T17:01:36.241Z","145","Motor Vehicle Theft/Stolen"
"56fcdfe2-0081-4bdb-a851-c38a0062bf70","***","2026-10-02T17:15:51.769Z","727","Burglary/Breaking & Entering"
"136e431a-90d7-4542-a84e-46dde75aa0a3","***","2026-10-02T17:17:12.765Z","727","Burglary/Breaking & Entering"
"35f60c71-3956-449c-8947-8e7009378582","***","2026-10-02T17:17:35.393Z","713","Drugs/Narcotics"
"ceed4d5f-4b6d-4ab1-b162-5a9c2ec1d024","***","2026-10-02T17:32:59.823Z","8","Motor Vehicle Theft/Stolen"
"5427dd51-bccb-4832-af1c-a6d444d1d306","***","2026-10-02T17:36:50.291Z","8","Motor Vehicle Theft/Stolen"
"1f3c8d87-a3f8-4b29-9a72-4475a6e7d233","***","2026-10-02T17:38:33.196Z","8","Motor Vehicle Theft/Stolen"
"cacc695d-ced1-4f1e-8770-5f003072ccc3","***","2026-10-02T17:40:41.507Z","130","Burglary/Breaking & Entering"
"ab89bdc2-5489-4dd1-833f-96a9676d837f","***","2026-10-02T18:06:21.523Z","9","Burglary/Breaking & Entering"
"c10535d6-a355-40d7-97e8-48f6ee603650","***","2026-10-02T18:23:29.735Z","144","Larceny/Theft Offenses"
"a834b9c3-25e1-4795-af6f-7dcb9c2ba8a4","***","2026-10-02T18:25:30.720Z","3","Drugs/Narcotics"
"ad65150c-f89e-41a1-99dd-fa9b2fdc9229","***","2026-10-02T19:08:31.453Z","144","Larceny/Theft Offenses"
"23dedd2d-78f2-4ce3-b7bf-7575c8a37023","***","2026-10-02T19:13:45.935Z","1","Drugs/Narcotics"
"79c29fd5-01ed-41ce-94c3-219ff7584a99","***","2026-10-02T19:38:43.620Z","3","Burglary/Breaking & Entering"
"68049c04-40c0-48de-9f96-76e4a1a5c8ea","***","2026-10-02T19:45:14.490Z","3","Drugs/Narcotics"
"7d1cbc42-931b-4682-b525-f1bf349412ec","***","2026-10-02T21:09:33.178Z","3","Burglary/Breaking & Entering"
"fd69a6a4-5492-4ef9-8042-54628f90bad6","***","2026-10-02T23:32:34.193Z","145","Weapons Offense (Guns/Shots Fired)"
"d729186e-2f76-4bf2-9093-44e0d999097e","***","2026-10-03T00:10:06.612Z","717","Burglary/Breaking & Entering"
"41bfbe43-6c94-4597-be3e-b8fb9e2dc76b","***","2026-10-03T01:36:00.738Z","145","Motor Vehicle Theft/Stolen"
"7e74af4e-5ff3-4a18-bc3e-781a5bb427f1","***","2026-10-03T01:52:00.474Z","3","Motor Vehicle Theft/Stolen"
"36fa1cb6-d557-422b-a0ab-28ee46da7939","***","2026-10-03T03:59:40.136Z","131","Sex Offenses"
"d96c4449-fed4-45bd-b571-cb7d4374f569","***","2026-10-03T04:02:37.866Z","144","Hit and Run/Car Accident"
"56e66fd1-f88b-430b-9869-c5bd6d611e13","***","2026-10-03T05:20:55.806Z","145","Motor Vehicle Theft/Stolen"
"90c3fef9-d6c1-4b61-a8c6-bce23074fc43","***","2026-10-03T10:25:11.103Z","3","Burglary/Breaking & Entering"
"8c2603f5-5661-4c7a-84ab-21e7dc690fe7","***","2026-10-03T11:35:11.243Z","3","Motor Vehicle Theft/Stolen"
"1eb94735-4793-407b-bad0-a5bead0dc63b","***","2026-10-03T11:35:55.222Z","145","Motor Vehicle Theft/Stolen"
"be6e1c0b-eed1-40d4-9d79-d56decba1539","***","2026-10-03T11:41:55.533Z","145","Motor Vehicle Theft/Stolen"
"93b889c7-8c51-483d-815b-27a538759ca9","***","2026-10-03T11:45:05.205Z","145","Motor Vehicle Theft/Stolen"
"cf9dfa3d-eca4-4fcc-b76c-d362a4243cb3","***","2026-10-03T11:45:43.588Z","145","Motor Vehicle Theft/Stolen"
"90ae875f-529b-4dc5-a29c-1df6bedd6040","***","2026-10-03T11:51:29.904Z","3","Larceny/Theft Offenses"
"098832e3-94f3-4618-9df2-03c8b7d23829","***","2026-10-03T11:58:20.486Z","145","Motor Vehicle Theft/Stolen"
"68ae8f55-5b26-498c-b617-4b449ee9ca44","***","2026-10-03T12:02:56.057Z","145","Motor Vehicle Theft/Stolen"
"e2d76c2f-ff4d-4a33-bd73-a952630c1d55","***","2026-10-03T12:03:24.341Z","9","Motor Vehicle Theft/Stolen"
"41bd7813-64a8-450e-8010-cfa541cc242d","***","2026-10-03T12:08:41.400Z","131","Larceny/Theft Offenses"
"055c86a7-8047-491c-b7b5-92ec332642a2","***","2026-10-03T12:09:13.725Z","145","Motor Vehicle Theft/Stolen"
"b000566e-1ed3-44ce-b6ae-cbccb39081e1","***","2026-10-03T12:16:26.134Z","145","Motor Vehicle Theft/Stolen"
"b71b09f1-85bc-467f-b692-63f7394350fc","***","2026-10-03T13:18:54.939Z","145","Motor Vehicle Theft/Stolen"
"829c4879-a517-44a1-84d0-77214a23fdc6","***","2026-10-03T13:58:18.496Z","144","Child Abuse/Neglect"
"e09e1dd3-2edd-44cf-9569-e1f50df2f104","***","2026-10-03T14:13:43.806Z","145","Motor Vehicle Theft/Stolen"
"99c1e7a3-2bb7-499c-9958-7101fedbb71b","***","2026-10-03T15:07:29.430Z","145","Motor Vehicle Theft/Stolen"
"7d7db033-7018-419e-b8a0-d1094b74d64a","***","2026-10-03T15:10:37.540Z","3","Wanted Person (Arrest Warrant/Fugitive)"
"c7c425d6-577a-49e3-a8ed-49b45939c4b6","***","2026-10-03T15:22:02.312Z","9","Burglary/Breaking & Entering"
"c8336b32-78b8-439c-8a27-084cc82a8eea","***","2026-10-03T15:31:15.945Z","145","Motor Vehicle Theft/Stolen"
"1a0c4391-349f-4a3e-867e-6b11c34df7ff","***","2026-10-03T16:07:15.798Z","145","Motor Vehicle Theft/Stolen"
"4951233b-461e-44ea-8616-0243645fda70","***","2026-10-03T16:29:02.184Z","145","Motor Vehicle Theft/Stolen"
"2288ccca-be4f-498b-b656-e05907d7e940","***","2026-10-03T17:33:08.255Z","145","Motor Vehicle Theft/Stolen"
"8778a469-8f5a-4e1e-aa62-cc938c97c537","***","2026-10-03T20:42:57.282Z","141","Welfare Check"
"c3e66bd8-2182-4561-9ed2-2e660dd07326","***","2026-10-03T20:56:48.024Z","9","Welfare Check"
"3c9220eb-939d-4433-8607-e883d0aa1bdd","***","2026-10-03T22:52:22.857Z","144","Burglary/Breaking & Entering"
"f4827d12-d4c3-4214-904d-5dc26a788b11","***","2026-10-03T23:39:35.033Z","141","Welfare Check"
"64f65fbd-f9dd-4967-b6f8-dc30b0a2acd7","***","2026-10-03T23:53:58.416Z","709","Animal Offenses (cruelty/neglect)"
"e9455e52-b693-4cd2-af92-e9a94a117b41","***","2026-10-04T02:21:26.198Z","131","Weapons Offense (Guns/Shots Fired)"
"8aa31d13-5947-476a-9589-7831ffc0cfb5","***","2026-10-04T03:04:18.720Z","718","Weapons Offense (Guns/Shots Fired)"
"682f4dcd-9180-48d4-9e00-8ace4b3eb36c","***","2026-10-04T03:04:43.414Z","3","Weapons Offense (Guns/Shots Fired)"
"330272cd-c51f-4647-8457-6ca76aa4ff4f","***","2026-10-04T03:10:28.231Z","3","Weapons Offense (Guns/Shots Fired)"
"4413ddcd-0352-4a31-9708-06f9ad6abd69","***","2026-10-04T03:45:12.944Z","145","Weapons Offense (Guns/Shots Fired)"
"c7a10b3a-0566-43f4-8456-38d90a76181d","***","2026-10-04T03:48:26.884Z","143","Assault/Battery Offenses"
"ac808f32-0058-4235-9b2a-c910b9641160","***","2026-10-04T04:00:30.395Z","143","Assault/Battery Offenses"
"0bd1070a-a17b-4ded-bf5f-0d7a77f7342b","***","2026-10-04T04:26:41.367Z","3","Motor Vehicle Theft/Stolen"
"aecbdbbe-b3ef-4b9d-b9de-349fb872d966","***","2026-10-04T04:26:58.889Z","145","Motor Vehicle Theft/Stolen"
"2cf4c5fb-59df-42b0-a843-b0cb8a3775e6","***","2026-10-04T04:28:10.276Z","145","Motor Vehicle Theft/Stolen"
"54cb65d7-87a9-4a1d-9609-f31fe2b69cb4","***","2026-10-04T04:33:45.611Z","131","Motor Vehicle Theft/Stolen"
"2dfecf98-46e6-4a13-a60e-1d3feb50ac3d","***","2026-10-04T04:44:04.302Z","3","Motor Vehicle Theft/Stolen"
"0ab097ff-1f2a-445f-a635-ca0fb4303138","***","2026-10-04T07:24:18.258Z","3","Obstructing the Police (Fleeing/Eluding)"
"d67864bc-5884-4f74-85ab-76b5b267db8c","***","2026-10-04T07:30:33.350Z","144","Hit and Run/Car Accident"
"bfc221c8-5df4-4320-8dea-08ceaf143a77","***","2026-10-04T07:32:27.224Z","143","Obstructing the Police (Fleeing/Eluding)"
"deca9c3a-63c8-44cd-a9cc-231b3419ec86","***","2026-10-04T07:34:28.869Z","3","Weapons Offense (Guns/Shots Fired)"
"d9160e7b-7a8a-473e-82f0-af721179f73d","***","2026-10-04T07:37:20.342Z","143","Obstructing the Police (Fleeing/Eluding)"
"49e32a40-a979-46f1-8142-cf2157aee9b0","***","2026-10-04T09:40:57.575Z","143","Obstructing the Police (Fleeing/Eluding)"
"17225473-5ccb-4262-aea9-255e18417631","***","2026-10-04T11:54:25.201Z","144","Burglary/Breaking & Entering"
"0332e654-c23f-44d8-a63f-8266793412eb","***","2026-10-04T12:01:19.054Z","144","Burglary/Breaking & Entering"
"0c7fbf7d-f5b0-4fc2-932c-754260241251","***","2026-10-04T12:03:44.967Z","145","Motor Vehicle Theft/Stolen"
"2f546603-ddec-4c20-94ae-4119aab3b7c3","***","2026-10-04T12:09:35.324Z","145","Motor Vehicle Theft/Stolen"
"276f3039-e329-4d5c-827c-c62b54251029","***","2026-10-04T12:14:50.022Z","145","Motor Vehicle Theft/Stolen"
"90e3c9c3-5e11-4e1f-803a-371970cd27d9","***","2026-10-04T12:52:01.304Z","145","Motor Vehicle Theft/Stolen"
"bddfe4eb-7dae-4c23-86d5-06b4d5d8e664","***","2026-10-04T13:11:51.653Z","144","Burglary/Breaking & Entering"
"48675602-b2fc-4702-8880-cf8f8d727d60","***","2026-10-04T13:41:44.126Z","145","Wanted Person (Arrest Warrant/Fugitive)"
"fd86ea7a-7e62-4c97-a030-857712d1e86f","***","2026-10-04T13:48:41.757Z","138","Wanted Person (Arrest Warrant/Fugitive)"
"948ba5a3-e8e3-40b0-9be7-e1b694b1aadf","***","2026-10-04T13:56:15.725Z","3","Assault/Battery Offenses (Domestic)"
"e79e716b-e5cd-4043-9ce0-54acc26d52ce","***","2026-10-04T15:05:50.482Z","3","Burglary/Breaking & Entering"
"41a65104-1920-4788-8e33-45c9dd0b7895","***","2026-10-04T15:10:49.083Z","145","Motor Vehicle Theft/Stolen"
"eaf11fae-160c-4ca7-ab0f-3ac4aba17719","***","2026-10-04T15:59:17.087Z","3","Destruction/Damage/Vandalism of Property"
"1f77d1d1-9a1d-495e-b313-aeb29981deac","***","2026-10-04T16:00:16.796Z","3","Destruction/Damage/Vandalism of Property"
"1cef4192-d30b-4f4c-a8f2-e046fe0a924f","***","2026-10-04T17:54:13.006Z","3","Wanted Person (Arrest Warrant/Fugitive)"
"2327c554-d489-416f-8d48-b996fea3cbc2","***","2026-10-04T18:11:50.292Z","145","Motor Vehicle Theft/Stolen"
"32b10743-93e0-4e86-a54d-316f79653c68","***","2026-10-04T19:24:56.101Z","3","Wanted Person (Arrest Warrant/Fugitive)"
"2513f2b7-8b2c-4819-8d26-2ec82e61197c","***","2026-10-04T19:42:06.990Z","145","Wanted Person (Arrest Warrant/Fugitive)"
"f367eded-6c08-4fb7-8cba-687f4f044711","***","2026-10-04T20:05:34.617Z","3","Wanted Person (Arrest Warrant/Fugitive)"
"6e06f01a-e3fd-4822-8186-dd029f7ef8b9","***","2026-10-05T00:02:12.243Z","5","Weapons Offense (Guns/Shots Fired)"
"19f8abbd-0602-49bc-b2b5-33f86631c8b6","***","2026-10-05T01:37:34.254Z","3","Weapons Offense (Guns/Shots Fired)"
"e0312a2a-76ab-4bdd-80ef-b7cb506f6d67","***","2026-10-05T02:20:41.029Z","145","Weapons Offense (Guns/Shots Fired)"
"b628a30a-6b3a-4836-89c8-c9febc3a373b","***","2026-10-05T03:22:46.795Z","145","Motor Vehicle Theft/Stolen"
"a39e9443-0091-4514-b18c-f96a9daf5f8e","***","2026-10-05T03:37:59.169Z","143","Assault/Battery Offenses"
"65ffe84f-753e-4ea0-9a1b-141cffd0a8dd","***","2026-10-05T03:41:42.332Z","131","Assault/Battery Offenses (Domestic)"
"80e02a42-5619-4480-a330-8674eac8dccf","***","2026-10-05T03:47:25.738Z","3","Motor Vehicle Theft/Stolen"
"c2f91ab4-741c-491d-9337-bea539aaf1f1","***","2026-10-05T03:47:42.045Z","3","Assault/Battery Offenses"
"34c3c72c-59ff-4263-83a4-69218fc55d4d","***","2026-10-05T03:57:01.147Z","145","Assault/Battery Offenses (Domestic)"
"db4b83c0-dbf3-4468-a2d0-57192182ac37","***","2026-10-05T04:00:33.419Z","715","Assault/Battery Offenses"
"2064c017-9f24-4e93-aece-a20bdf9afb3e","***","2026-10-05T04:02:38.865Z","143","Assault/Battery Offenses"
"3d5a324e-176b-4c69-83e7-2c8fba087142","***","2026-10-05T04:19:41.505Z","145","Assault/Battery Offenses (Domestic)"
"31c00442-0da3-412e-b693-21cbe4ce473d","***","2026-10-05T08:22:27.256Z","719","Motor Vehicle Theft/Stolen"
"6aebf5ee-dc33-403b-b5f1-38092374a2f8","***","2026-10-05T09:18:07.951Z","719","Motor Vehicle Theft/Stolen"
"f5a1ad60-6735-419a-b459-f51679826559","***","2026-10-05T09:32:53.683Z","3","Motor Vehicle Theft/Stolen"
"9ae4b9ad-b20f-4f80-9cc1-40981cb0de75","***","2026-10-05T09:37:49.965Z","3","Motor Vehicle Theft/Stolen"
"1107decd-b3c9-4086-90bb-2e8545df87f2","***","2026-10-05T10:01:39.852Z","145","Motor Vehicle Theft/Stolen"
"28e45dda-2446-4e4d-93ba-56e8b033b3fb","***","2026-10-05T10:14:58.130Z","145","Motor Vehicle Theft/Stolen"
"4d9711bf-df46-4ba3-8186-091777eedba6","***","2026-10-05T10:48:34.910Z","1","Stolen Property Offenses"
"4f38ad7b-9077-4ea2-8569-825bbe989290","***","2026-10-05T11:13:54.788Z","145","Motor Vehicle Theft/Stolen"
"0694a9db-710d-4214-b1e9-278deed2bd73","***","2026-10-05T11:19:24.559Z","145","Motor Vehicle Theft/Stolen"
"943056ff-3af9-4a12-878c-4714110fd8ed","***","2026-10-05T11:24:15.852Z","3","Motor Vehicle Theft/Stolen"
"32740788-0987-4d9f-9b82-f160992c6bbe","***","2026-10-05T13:27:16.367Z","141","Welfare Check"
"2aee7f57-3802-4806-b3ae-b237a8061912","***","2026-10-05T13:34:01.546Z","145","Motor Vehicle Theft/Stolen"
"5047a2cf-f0ad-477c-9234-68768631fc18","***","2026-10-05T14:04:05.708Z","3","Motor Vehicle Theft/Stolen"
"cdf8d0fb-5243-4151-9d9e-53998832a889","***","2026-10-05T14:09:43.399Z","141","Welfare Check"
"d4f153ff-ea04-48ea-b005-57fd461dbdee","***","2026-10-05T14:11:04.246Z","728","Homicide/Death Investigation"
"52cbac4b-a3b0-4492-9d0a-b2407fe6c067","***","2026-10-05T14:53:23.792Z","726","Burglary/Breaking & Entering"
"679383fb-1469-4fb4-9aa0-11da3af03841","***","2026-10-05T15:05:51.367Z","145","Motor Vehicle Theft/Stolen"
"db1f6135-9f40-415d-8232-2f7385c80b54","***","2026-10-05T16:07:17.678Z","3","Weapons Offense (Guns/Shots Fired)"
"5349996a-5cb5-4e36-a2a7-dd0c54ca831f","***","2026-10-05T16:13:53.506Z","3","Weapons Offense (Guns/Shots Fired)"
"bd346826-dbd6-4c0b-84ca-f5d190520ce9","***","2026-10-05T17:05:29.124Z","145","Motor Vehicle Theft/Stolen"
"97538a65-6938-4b54-82d5-7b97a0a6e6d4","***","2026-10-05T17:09:46.816Z","145","Robbery"
"faaa6c4e-4edf-4ae6-ba43-b67d1e5c211a","***","2026-10-05T17:11:50.610Z","3","Motor Vehicle Theft/Stolen"
"46645805-8518-45a4-ac56-bf9e45cd06b5","***","2026-10-05T17:12:01.257Z","724","Drugs/Narcotics"
"225f0746-0d73-450a-be36-4f6476a30ba9","***","2026-10-05T18:08:38.572Z","711","Drugs/Narcotics"
"536b7ee9-896e-4e36-9368-ef83b76b98dc","***","2026-10-05T19:00:17.595Z","711","Drugs/Narcotics"
"a6226195-f7d7-479f-838b-2ce8e88cf66e","***","2026-10-05T19:50:58.325Z","722","Drugs/Narcotics"
"c2d4b869-5af7-44aa-a03c-78330473d8b2","***","2026-10-05T19:54:44.805Z","3","Drugs/Narcotics"
"322e18fd-3160-4488-a03e-22912f6dce3c","***","2026-10-05T19:58:26.666Z","3","Motor Vehicle Theft/Stolen"
"fe6fa5af-c26d-4fbe-aebe-d264816c7951","***","2026-10-05T20:00:45.815Z","3","Motor Vehicle Theft/Stolen"
"6209ea4e-fb85-4d36-81ab-d94034c8f931","***","2026-10-05T20:31:23.930Z","144","Larceny/Theft Offenses"
"64c5a8f0-9c87-448a-8ccc-898da5b18e17","***","2026-10-05T21:51:31.693Z","711","Drugs/Narcotics"
"c7a12d1d-d96d-4d81-ae5f-bbacb3e544e4","***","2026-10-05T22:03:07.206Z","715","Weapons Offense (Guns/Shots Fired)"
"8766bf03-55d6-4abf-a3e8-919cb467d960","***","2026-10-05T22:08:41.267Z","712","Weapons Offense (Guns/Shots Fired)"
"cf2fdbc5-2438-484f-a9c6-ec8ba8247c53","***","2026-10-05T22:11:28.915Z","712","Weapons Offense (Guns/Shots Fired)"
"68b70f17-0151-4b0f-bab1-259c28a8f193","***","2026-10-05T22:29:57.082Z","711","Drugs/Narcotics"
"e0ccaeec-5829-4c22-a096-951252f18a89","***","2026-10-05T23:59:00.514Z","715","Weapons Offense (Guns/Shots Fired)"
"0612b542-13c7-4ad7-aacd-ecb0d89350ba","***","2026-10-06T00:05:29.150Z","715","Weapons Offense (Guns/Shots Fired)"
"31b5f86a-f3da-4619-9a1a-6b01e038af9f","***","2026-10-06T00:10:34.846Z","3","Motor Vehicle Theft/Stolen"
"2f851c53-6068-4205-ad35-8e90596557b0","***","2026-10-06T00:56:29.014Z","715","Weapons Offense (Guns/Shots Fired)"
"73c1f8ba-0cb3-4237-b3a6-92b65bb407db","***","2026-10-06T01:14:24.239Z","3","Drugs/Narcotics"
"84e4067c-b050-416d-a188-d6df1cc31478","***","2026-10-06T01:29:10.297Z","715","Weapons Offense (Guns/Shots Fired)"
"f47f7f7e-ddfc-47cd-8515-727a22d9e14b","***","2026-10-06T01:53:18.810Z","145","Motor Vehicle Theft/Stolen"
"e7cb6a7d-0402-444a-9225-6a3ba3f1b3c0","***","2026-10-06T02:02:07.183Z","145","Motor Vehicle Theft/Stolen"
"b2d08686-7f96-4a5e-8a36-cb691cd36bdd","***","2026-10-06T02:20:24.391Z","129","Traffic Infraction"
"f41c8f67-eb29-4ce9-a2f4-8265efe53864","***","2026-10-06T02:27:13.739Z","715","Weapons Offense (Guns/Shots Fired)"
"1b7f3564-7358-4676-8d77-cdeb10db2ec3","***","2026-10-06T02:45:38.492Z","3","Weapons Offense (Guns/Shots Fired)"
"23d9e441-b47e-400c-acb8-e5be428868f5","***","2026-10-06T03:05:42.458Z","715","Weapons Offense (Guns/Shots Fired)"
"9fe30044-737b-4357-b243-32e3f97bada3","***","2026-10-06T03:30:16.222Z","131","Weapons Offense (Guns/Shots Fired)"
"ad9c7ce0-8078-4ae2-95fc-567c86fa8986","***","2026-10-06T03:33:59.903Z","3","Traffic Infraction"
"ddfc3a58-57cf-4034-b915-c6700261577b","***","2026-10-06T04:09:53.160Z","715","Weapons Offense (Guns/Shots Fired)"
"9526fe3d-b68f-44fc-af71-9276a600613f","***","2026-10-06T10:08:25.705Z","145","Motor Vehicle Theft/Stolen"
"33afa2c2-9336-49f6-9994-8545ce06cee2","***","2026-10-06T13:27:13.637Z","143","Criminal Motor Vehicle Offense (incl. Road Rage/Reckless)"
"684fdcb1-0668-484c-a4af-abce6b894e3a","***","2026-10-06T14:56:32.979Z","711","Drugs/Narcotics"
"c795f262-e1bb-46b4-a440-52b8c3b9ff0a","***","2026-10-06T14:58:45.197Z","145","Missing/Endangered Person/Runaway"
"70cd3a01-a3ef-4f35-8424-cf68fac224e5","***","2026-10-06T15:00:06.299Z","145","Missing/Endangered Person/Runaway"
"07e6d8ef-155c-44dd-bed8-c4d757c870a2","***","2026-10-06T15:11:32.965Z","3","Weapons Offense (Guns/Shots Fired)"
"e0ff653e-1fea-4b7b-8e2e-7ee4588a1c65","***","2026-10-06T15:12:51.734Z","711","Drugs/Narcotics"
"df8ec9e8-d51a-43c3-8a7a-357e5850f2e0","***","2026-10-06T15:16:27.122Z","711","Drugs/Narcotics"
"33c0497c-f7a6-4383-9ec9-1f5f0ff6fa72","***","2026-10-06T15:18:25.176Z","711","Drugs/Narcotics"
"7a561559-ad9b-4d88-8538-6a04f1907859","***","2026-10-06T18:49:07.425Z","145","Wanted Person (Arrest Warrant/Fugitive)"
"04928909-4e31-4482-bdf6-6af9cf523c7a","***","2026-10-06T19:08:49.792Z","3","Motor Vehicle Theft/Stolen"
"8ac3b4c2-8745-4f72-a9aa-25380d978888","***","2026-10-06T19:31:55.160Z","712","Weapons Offense (Guns/Shots Fired)"
"a5195671-834b-48ec-9ab4-09dd22cdcc94","***","2026-10-06T19:35:50.067Z","144","Wanted Person (Arrest Warrant/Fugitive)"
"ead60667-7f5b-48eb-a202-e6cdcf084fb0","***","2026-10-06T19:42:38.299Z","130","Motor Vehicle Theft/Stolen"
"e1e7f2c1-271e-429d-8a30-8b4cebed7d83","***","2026-10-06T19:58:08.736Z","710","Drugs/Narcotics"
"4c99e3e3-623c-44f4-a89d-f1cc1e4134c7","***","2026-10-06T20:04:23.368Z","711","Weapons Offense (Guns/Shots Fired)"
"026462ff-7d91-48ff-98df-fd3ccfd682f9","***","2026-10-06T20:43:55.039Z","710","Drugs/Narcotics"
"b8486bf0-ce66-4f3e-b2b1-98d4c2870be2","***","2026-10-06T21:04:25.927Z","710","Drugs/Narcotics"
"2a51e020-4d5b-46d5-b4f6-2ef55625caee","***","2026-10-06T21:35:53.704Z","3","Wanted Person (Arrest Warrant/Fugitive)"
"7433cd4a-33e2-41cc-8d4f-cb4b76ca1c67","***","2026-10-06T21:41:49.978Z","711","Weapons Offense (Guns/Shots Fired)"
"37e3d274-7ee2-405b-9b21-b28816577e86","***","2026-10-06T22:02:10.056Z","3","Homicide/Death Investigation"
"aa916958-2dd1-46d0-a235-2d2ad3c64a97","***","2026-10-06T22:59:10.694Z","723","Wanted Person (Arrest Warrant/Fugitive)"
"1abae839-a652-46d5-a20e-b3a6ae6a792a","***","2026-10-06T22:59:27.693Z","711","Weapons Offense (Guns/Shots Fired)"
"3f6fd8ec-74d6-4f66-b74e-773241c37eeb","***","2026-10-06T23:01:49.862Z","723","Wanted Person (Arrest Warrant/Fugitive)"
"6767c481-b904-46e1-8d60-8f792bd1070b","***","2026-10-06T23:11:12.165Z","711","Weapons Offense (Guns/Shots Fired)"
"0e2a2764-f581-47ff-8f64-be6d7531f3dc","***","2026-10-06T23:54:40.993Z","3","Drugs/Narcotics"