"id","userId","searchDate","networkCount","offenseType"
"518c0996-4234-471b-b3f8-0c69e8f60d96","***","2026-09-10T00:30:35.823Z","288","Assault/Battery Offenses (Domestic)"
"76e42aec-30f9-4d3f-9f62-2ee8c8ec3e86","***","2026-09-10T03:45:50.408Z","544","Wanted Person (Arrest Warrant/Fugitive)"
"4618e134-dffe-4245-8ff8-b9e4f8c8ea18","***","2026-09-10T08:30:40.054Z","622","Missing/Endangered Person/Runaway"
"0b9359b2-2ba7-4e31-b897-82bfe6a0b187","***","2026-09-10T10:59:53.185Z","543","Assault/Battery Offenses"
"4edb54c5-58be-4631-a387-f68525773c55","***","2026-09-10T11:35:04.999Z","622","Burglary/Breaking & Entering"
"6439efed-aa84-44aa-8693-5429a4a03989","***","2026-09-10T11:42:23.301Z","622","Stolen Property Offenses"
"dcb620a4-7f3f-4040-a821-5dde3d943a1d","***","2026-09-10T12:04:25.997Z","5755","Larceny/Theft Offenses"
"73caf122-c9b8-4a0d-bf8a-f0878ff99a78","***","2026-09-10T13:01:37.386Z","622","Burglary/Breaking & Entering"
"39e72a1d-e45b-48b8-992b-0a59720c28f0","***","2026-09-10T14:01:28.016Z","620","Sex Offenses"
"06c0f101-5adc-42d1-9311-345968b2bc5a","***","2026-09-10T14:11:17.252Z","288","Motor Vehicle Theft/Stolen"
"1d9e768a-ac7f-4926-9e2f-45b2f03d9dad","***","2026-09-10T14:18:51.765Z","621","Burglary/Breaking & Entering"
"c3a1b4a3-17a7-449d-8757-0ab690a3b7d1","***","2026-09-10T14:31:24.695Z","620","Hit and Run/Car Accident"
"b5c6e1a0-54b8-404c-a953-7f8f47f4c79c","***","2026-09-10T14:36:56.037Z","621","Sex Offenses"
"32da6344-49e4-4a96-b4eb-07167e4d3cbd","***","2026-09-10T14:37:09.911Z","289","Indecent Exposure/Lewd"
"ec7ae2d3-8901-4010-9c34-7d397015cb3e","***","2026-09-10T15:01:35.915Z","2",""
"c9955a4b-bfee-49a2-aa5b-8c2a65602683","***","2026-09-10T15:10:43.979Z","620","Financial Crime (Embezzlement/Fraud)"
"b97d61ec-0c2f-45d5-8713-e430ae6bd650","***","2026-09-10T15:35:53.703Z","2","Human Trafficking"
"e4bf8a7b-463b-4ad7-8887-70d5df3048ea","***","2026-09-10T15:36:23.806Z","2","Hit and Run/Car Accident"
"013569f2-b2a9-4d4d-b493-a75aa0174ff6","***","2026-09-10T16:12:54.431Z","30","Larceny/Theft Offenses"
"6213b063-d221-4deb-8a69-6e6e3afd7ac8","***","2026-09-10T16:53:48.467Z","620","Human Trafficking"
"a5d4282e-a0c9-4d2e-a37d-b989df95c2bd","***","2026-09-10T17:44:52.523Z","620","Obstructing the Police (Fleeing/Eluding)"
"abba37fd-0cc2-4dfe-ab68-8292e41be888","***","2026-09-10T17:49:40.042Z","621","Assault/Battery Offenses (Domestic)"
"1aa1c7d5-25c3-4a56-bf93-d152645bc029","***","2026-09-10T19:02:04.945Z","620","Human Trafficking"
"8fc6f6b2-7878-4e38-9649-5c17fbd63c84","***","2026-09-10T19:32:36.769Z","5754","Larceny/Theft Offenses"
"4dd533d0-a9ae-4c5c-96cf-2c20143deab1","***","2026-09-10T19:33:54.874Z","543","Wanted Person (Arrest Warrant/Fugitive)"
"25e61d07-7841-4d8e-ab2d-63eee2ece292","***","2026-09-10T21:54:27.026Z","9","Traffic Infraction"
"39740d66-b0cb-4a6e-978e-1808af12b139","***","2026-09-10T22:18:08.193Z","621","Homicide/Death Investigation"
"825881f7-9a46-4f3c-9459-9cfa38ab484d","***","2026-09-10T23:06:21.183Z","540","Motor Vehicle Theft/Stolen"
"b9d89d6e-2bf9-40d4-a8c7-e08342620348","***","2026-09-10T23:07:29.977Z","9","Traffic Infraction"
"1c4ed881-d685-45a2-87dd-5968d5f0c089","***","2026-09-11T00:29:28.727Z","617","Drugs/Narcotics"
"5fa5e6f1-717c-4b26-90de-ef4b945c7d35","***","2026-09-11T03:15:32.064Z","540","Drugs/Narcotics"
"d4292df3-0f92-486a-a9dd-2b4e72d65907","***","2026-09-11T03:20:47.673Z","540","Drugs/Narcotics"
"fbcde851-b123-4663-aff1-190e2c3a2e09","***","2026-09-11T11:46:19.881Z","617","Homicide/Death Investigation"
"3898a1ed-a022-4961-b67b-ab3ff2010c34","***","2026-09-11T12:21:53.093Z","616","Human Trafficking"
"7c8c4cb6-63e6-4778-96eb-bec629053283","***","2026-09-11T12:24:08.754Z","616","Traffic Infraction"
"29ce86d2-6de8-4202-af07-cf3619680238","***","2026-09-11T12:50:58.895Z","1","Traffic Infraction"
"9b9d1e53-f77c-4db0-8ba9-58daf6d6584f","***","2026-09-11T12:57:02.053Z","2","Assault/Battery Offenses"
"0ba51b10-d182-4fbe-b272-0ae6edf8a585","***","2026-09-11T13:02:14.458Z","616","Traffic Infraction"
"226bc64c-c30c-4c35-9f84-e50860938e69","***","2026-09-11T15:00:17.216Z","2","Assault/Battery Offenses"
"835873fe-d35f-40d1-80e2-805813770c78","***","2026-09-11T15:13:46.037Z","2",""
"d065fc6d-7279-406a-9177-2037c50a742a","***","2026-09-11T15:14:54.310Z","616","Traffic Infraction"
"132a0275-3d86-4518-b5fe-189381de359b","***","2026-09-11T15:17:57.693Z","617","Motor Vehicle Theft/Stolen"
"1687d210-2325-4846-9ae8-fc2335bf7b0d","***","2026-09-11T15:27:27.514Z","2","Welfare Check"
"e38933ba-bbc9-4da4-8777-98caf72e7bed","***","2026-09-11T15:42:09.750Z","616","Larceny/Theft Offenses"
"abad2a6d-23cb-4909-8eda-b60e6f212cfc","***","2026-09-11T17:31:22.721Z","616","Larceny/Theft Offenses"
"4169e3a8-bbd6-4c0a-8fa8-a4eedef50023","***","2026-09-11T17:53:06.302Z","614","Traffic Infraction"
"7fa47f12-74f6-4936-beec-5c2c8d46b5ac","***","2026-09-11T17:57:19.355Z","617","Motor Vehicle Theft/Stolen"
"187de0de-d98e-4479-868f-88e364657bf0","***","2026-09-11T18:01:28.070Z","617","Motor Vehicle Theft/Stolen"
"6f0f34f7-eece-4609-a4cd-65ed389bb39a","***","2026-09-11T18:42:09.699Z","287","Welfare Check"
"fec252a2-d770-4317-bed1-58d35dfc2df5","***","2026-09-11T18:59:16.261Z","617","Motor Vehicle Theft/Stolen"
"304bb83c-3b37-4420-a6df-b88f4cf006a5","***","2026-09-11T19:00:25.721Z","617","Motor Vehicle Theft/Stolen"
"e9b3125d-0fa8-4e81-9491-978ba4377c59","***","2026-09-11T19:30:09.038Z","2","Wanted Person (Arrest Warrant/Fugitive)"
"cc2ec982-e9b4-4afc-974a-c29b4a1c3f7f","***","2026-09-11T19:48:11.372Z","617","Motor Vehicle Theft/Stolen"
"3b4b8bd3-25b1-4ba9-8885-4d066c7a41e8","***","2026-09-11T19:57:52.240Z","614","Traffic Infraction"
"6edb17df-6ae7-4a74-a131-ca8641e4073d","***","2026-09-11T20:03:44.466Z","30","Motor Vehicle Theft/Stolen"
"e7e9ae8f-45ac-456b-9cba-1ae2575f96e4","***","2026-09-11T20:05:18.552Z","1","Traffic Infraction"
"eaeedfa3-9f87-46a0-8aff-c97f0a496e8c","***","2026-09-11T20:07:50.208Z","5","Traffic Infraction"
"a6083aa9-bdfc-444c-839a-e39bdb448d68","***","2026-09-11T20:08:10.473Z","616","Financial Crime (Embezzlement/Fraud)"
"a48c5de6-3443-43db-94eb-ab93f3a107e7","***","2026-09-11T20:15:23.850Z","616","Financial Crime (Embezzlement/Fraud)"
"4bc6fe93-9c54-4358-a7c4-5f761fb4cbfa","***","2026-09-11T20:18:49.983Z","617","Stolen Property Offenses"
"66af78f3-677d-42dc-9f0d-04357002e9c1","***","2026-09-11T20:46:41.846Z","2","Assault/Battery Offenses"
"cf521910-79a8-424d-96e9-ab0264f29a9a","***","2026-09-11T21:24:40.403Z","614","Traffic Infraction"
"388a81dc-8580-4a2f-80f9-a4deb7087134","***","2026-09-11T22:06:16.445Z","614","Traffic Infraction"
"361df3ba-1a4d-49fa-afe2-ba5991e45bb0","***","2026-09-11T22:46:12.817Z","616","Welfare Check"
"873ff05d-89e1-4a39-a730-dde6b4aa5422","***","2026-09-11T23:08:54.905Z","616","Welfare Check"
"074b852f-55d1-4e07-bfdd-cba3c0900ca8","***","2026-09-11T23:36:57.610Z","617","Wanted Person (Arrest Warrant/Fugitive)"
"4b8404eb-5def-4cac-a73f-946e850cdcfb","***","2026-09-12T00:05:10.226Z","616","Welfare Check"
"2001647a-d34e-44dd-bd6f-9329cb31b382","***","2026-09-12T01:39:16.909Z","616","Welfare Check"
"05ca216d-49f9-43ad-97d2-c1be87eba5e7","***","2026-09-12T02:45:44.058Z","616","Welfare Check"
"e28b2dce-d0a4-49c4-9620-8998a9f838fc","***","2026-09-12T03:59:44.652Z","616","Welfare Check"
"24b271b0-ba4e-4eb6-ae0f-62240bd09754","***","2026-09-12T04:20:39.245Z","287","Drugs/Narcotics"
"1958b343-3f88-450d-844c-945d93b8398d","***","2026-09-12T04:30:50.084Z","1","Wanted Person (Arrest Warrant/Fugitive)"
"e722a755-7513-4443-a515-980efabbc1e4","***","2026-09-12T05:03:21.374Z","287","Drugs/Narcotics"
"d28467c9-b121-4a48-86d9-5560c0affc59","***","2026-09-12T06:10:07.475Z","540","Wanted Person (Arrest Warrant/Fugitive)"
"7d6f75f2-cd96-408b-925b-28d6550b66ce","***","2026-09-12T06:27:52.443Z","287","Missing/Endangered Person/Runaway"
"5ffd181f-b266-4761-a2e7-74d3265515f5","***","2026-09-12T06:36:04.236Z","287","Drugs/Narcotics"
"ceaceafd-b861-476d-803e-d66647c1f811","***","2026-09-12T07:10:00.911Z","2","Wanted Person (Arrest Warrant/Fugitive)"
"8c2a3680-a591-450a-a1cc-38a8be29bba4","***","2026-09-12T08:01:45.322Z","287","Drugs/Narcotics"
"d1f77899-e074-4d82-bc95-5e67d770958b","***","2026-09-12T09:13:01.450Z","617","Missing/Endangered Person/Runaway"
"1973837b-5f59-4de3-a9d3-28c640b1ab85","***","2026-09-12T10:59:43.591Z","2","Assault/Battery Offenses (Domestic)"
"1afd5586-7bb6-4d6a-badb-6c0838ee9d84","***","2026-09-12T11:49:11.431Z","614","Traffic Infraction"
"2d16bcb5-6bf5-4bd5-a050-1c5410d61051","***","2026-09-12T12:49:33.944Z","614","Traffic Infraction"
"b3abce9d-ea2a-4c83-afb7-cd4cadcf16d3","***","2026-09-12T13:20:21.268Z","617","Wanted Person (Arrest Warrant/Fugitive)"
"dc74bf03-9b79-4daf-bdcd-d99e6e03b5b9","***","2026-09-12T13:23:55.585Z","2","Assault/Battery Offenses (Domestic)"
"818b4c1f-b4e4-4bd4-8a2f-f663100b4141","***","2026-09-12T13:46:41.346Z","617","Motor Vehicle Theft/Stolen"
"38a2ae5f-52e8-4e0b-828c-2ec362f3624a","***","2026-09-12T15:15:19.103Z","616","Sex Offenses"
"bf1e40cf-88d3-4059-aba8-ea5db0a9917a","***","2026-09-12T15:16:59.556Z","3","Financial Crime (Embezzlement/Fraud)"
"13fd006b-b3a7-46db-a753-066986bb41f9","***","2026-09-12T15:22:50.978Z","617","Wanted Person (Arrest Warrant/Fugitive)"
"2ae699ff-974f-4668-82af-fc1ba42d05a0","***","2026-09-12T15:33:42.578Z","2","Assault/Battery Offenses (Domestic)"
"a48f6fff-3e50-4a67-9f23-7ec971132d12","***","2026-09-12T16:24:28.850Z","617","Wanted Person (Arrest Warrant/Fugitive)"
"bb805b03-e884-4ef6-8738-fdfe35ae4031","***","2026-09-12T17:04:09.379Z","2","Assault/Battery Offenses (Domestic)"
"3f6197e2-dde7-4028-9001-4e578b4f9dc9","***","2026-09-12T17:19:58.531Z","614","Traffic Infraction"
"8016008e-d6c4-48ab-83fc-965e16379a75","***","2026-09-12T17:42:33.885Z","617","Wanted Person (Arrest Warrant/Fugitive)"
"9346d7b4-3d3e-484f-a1ec-d1719912c113","***","2026-09-12T17:56:11.632Z","617","Wanted Person (Arrest Warrant/Fugitive)"
"76667906-2f9b-4d6f-89de-6034fde6eca3","***","2026-09-12T18:15:13.103Z","614","Traffic Infraction"
"5cb7aa9d-b2b2-46c6-af40-2968a023fb06","***","2026-09-12T18:20:17.235Z","617","Wanted Person (Arrest Warrant/Fugitive)"
"296c10af-27e6-45d9-90fa-4265ada8f9c8","***","2026-09-12T18:27:21.860Z","2","Financial Crime (Embezzlement/Fraud)"
"36d3a55f-0c7f-410a-9acd-d092ec91c895","***","2026-09-12T19:18:06.154Z","616","Assault/Battery Offenses"
"e202b09b-fbb9-47c0-b9e4-c032af801410","***","2026-09-12T19:21:03.958Z","617","Wanted Person (Arrest Warrant/Fugitive)"
"0c2922ef-1c55-4aad-b9df-0fc4a52a3032","***","2026-09-12T20:03:07.856Z","614","Traffic Infraction"
"42767343-5127-4297-8773-3a5abe4b7f96","***","2026-09-12T20:05:39.396Z","617","Wanted Person (Arrest Warrant/Fugitive)"
"4fbb2bbc-d727-42b3-bd4a-892fd97bb296","***","2026-09-12T20:30:30.163Z","617","Motor Vehicle Theft/Stolen"
"1ddfa53a-4a60-42e5-804d-529d3a6aa84a","***","2026-09-12T21:07:47.022Z","617","Wanted Person (Arrest Warrant/Fugitive)"
"9800148f-b623-44c1-bf5f-177b9745ff22","***","2026-09-12T22:46:11.449Z","617","Wanted Person (Arrest Warrant/Fugitive)"
"02033507-e3d8-495a-be02-0cbda67a2ffa","***","2026-09-12T23:15:13.089Z","617","Wanted Person (Arrest Warrant/Fugitive)"
"e2de8906-1fe1-4232-9637-31dbcfa91668","***","2026-09-12T23:23:12.870Z","287","Drugs/Narcotics"
"ccad7880-52ce-49bd-b23f-ce9da5f3c283","***","2026-09-13T00:02:56.556Z","617","Wanted Person (Arrest Warrant/Fugitive)"
"0d5019e5-4e9a-4920-a25a-c246190e9818","***","2026-09-13T00:03:13.471Z","287","Drugs/Narcotics"
"07183123-00a2-4af1-895d-a86321f9d292","***","2026-09-13T00:18:51.049Z","617","Wanted Person (Arrest Warrant/Fugitive)"
"dc9dcf80-f904-4460-b6f9-02485c60d385","***","2026-09-13T00:27:30.259Z","540","Wanted Person (Arrest Warrant/Fugitive)"
"3367208a-92ff-4ea6-a6eb-e98e64940c6c","***","2026-09-13T00:29:23.908Z","540","Wanted Person (Arrest Warrant/Fugitive)"
"3b989d15-fd3b-44cc-8f45-3d0ed39c8389","***","2026-09-13T01:01:21.810Z","287","Drugs/Narcotics"
"c2197918-a223-4779-b841-36763cb2bfec","***","2026-09-13T01:12:56.152Z","2","Wanted Person (Arrest Warrant/Fugitive)"
"eb091a29-37ac-4452-b2a4-a98787385c82","***","2026-09-13T01:34:04.693Z","540","Wanted Person (Arrest Warrant/Fugitive)"
"4d377791-4c61-4a8f-8bec-94bcbbe2de39","***","2026-09-13T01:39:44.783Z","617","Stolen Property Offenses"
"27ac2df1-69ed-4142-a769-8ecf549c2926","***","2026-09-13T02:06:58.177Z","617","Drugs/Narcotics"
"a280a701-17cf-4e5b-bfff-053e34ad363d","***","2026-09-13T02:26:25.252Z","617","Stolen Property Offenses"
"f6b552ba-1f53-4772-8ee8-7b0290faa4d8","***","2026-09-13T02:47:04.945Z","617","Wanted Person (Arrest Warrant/Fugitive)"
"6ae74635-0336-4f43-b7f5-91d22b42d43e","***","2026-09-13T03:35:37.377Z","287","Drugs/Narcotics"
"d8e662b9-d9c5-47ea-946e-ff355dbbfd83","***","2026-09-13T03:55:12.682Z","540","Wanted Person (Arrest Warrant/Fugitive)"
"13888810-ab9d-427e-9936-2231fdff73d9","***","2026-09-13T04:09:51.236Z","617","Drugs/Narcotics"
"2166031e-a061-4ddc-bc98-d9932cef2902","***","2026-09-13T04:37:42.192Z","540","Wanted Person (Arrest Warrant/Fugitive)"
"a2cc1dfa-cf86-4f9e-8eda-dc231ca69894","***","2026-09-13T05:13:00.751Z","287","Drugs/Narcotics"
"c0500523-8eb6-4f59-a32a-c3fd297735eb","***","2026-09-13T05:37:34.314Z","617","Stolen Property Offenses"
"f16982a1-de20-4627-9316-c09a53129594","***","2026-09-13T06:05:24.976Z","287","Drugs/Narcotics"
"22c0cd49-0481-45ab-916e-2b069be6cc73","***","2026-09-13T06:41:47.282Z","539","Obstructing the Police (Fleeing/Eluding)"
"63addcd9-a7e9-4bfe-af32-2149109e70cf","***","2026-09-13T07:01:20.624Z","287","Drugs/Narcotics"
"afe8985d-04f6-48d9-9561-de0f59531c26","***","2026-09-13T07:20:18.850Z","540","Wanted Person (Arrest Warrant/Fugitive)"
"6a2062da-a2cf-43c1-a670-8768868bb059","***","2026-09-13T07:54:09.924Z","617","Stolen Property Offenses"
"45978069-8cee-4f0e-83ad-8de289a72e72","***","2026-09-13T08:06:13.300Z","617","Assault/Battery Offenses (Domestic)"
"f0d94f0a-9f71-4bd5-a1b1-c4492a956c5e","***","2026-09-13T09:02:05.154Z","617","Assault/Battery Offenses (Domestic)"
"04ed817a-af09-4f3f-896e-1cb8e42f88f7","***","2026-09-13T09:14:20.409Z","1","Hit and Run/Car Accident"
"c5002321-d6f4-4153-b425-40923c5a1fa1","***","2026-09-13T10:04:39.751Z","617","Motor Vehicle Theft/Stolen"
"abc5289a-f36f-49b9-87a1-7f78d7e31aee","***","2026-09-13T10:19:46.756Z","540","Motor Vehicle Theft/Stolen"
"bd5a71a5-dc97-4b29-9065-7c5e3042fa2a","***","2026-09-13T15:49:11.152Z","617","Wanted Person (Arrest Warrant/Fugitive)"
"009b923c-50a9-42d2-9aea-09a06f7b17ef","***","2026-09-13T16:01:18.713Z","617","Wanted Person (Arrest Warrant/Fugitive)"
"d11e7367-4417-4cc7-ae1d-f459e0e3edab","***","2026-09-13T18:22:54.207Z","617","Wanted Person (Arrest Warrant/Fugitive)"
"a56d265c-f808-440f-9d69-13e7c6c2194d","***","2026-09-13T18:54:29.848Z","539","Obstructing the Police (Fleeing/Eluding)"
"e3a4c10e-2db6-4ddc-9f6b-3d212fe97db6","***","2026-09-13T19:00:54.849Z","617","Wanted Person (Arrest Warrant/Fugitive)"
"b87f879e-1c50-4877-b585-6ed715b6deef","***","2026-09-13T19:15:00.476Z","540","Missing/Endangered Person/Runaway"
"3836a8f1-3b29-410c-98c7-0f55392a5907","***","2026-09-13T19:17:31.972Z","287","Welfare Check"
"78cdc7b0-4a79-4d5c-bc94-fc3517bab56b","***","2026-09-13T19:28:16.606Z","616","Welfare Check"
"6664fc6b-d822-43a0-ba28-22ed544b4f91","***","2026-09-13T19:30:06.320Z","616","Welfare Check"
"cdc4377d-e7cd-4661-bc92-83e569c1642d","***","2026-09-13T19:35:56.784Z","1","Welfare Check"
"486e4e08-f37c-4274-88b0-3778ab31cdd4","***","2026-09-13T19:36:08.245Z","540","Missing/Endangered Person/Runaway"
"d57a3888-75a9-4542-8d4e-8a05b39cc4c7","***","2026-09-13T19:41:58.525Z","616","Welfare Check"
"dcc83de5-efbd-436f-b57e-49bf233a13db","***","2026-09-13T20:29:05.350Z","617","Wanted Person (Arrest Warrant/Fugitive)"
"4a641e7c-909a-4e0e-91a9-3ac10d7ec8a3","***","2026-09-13T21:58:30.207Z","617","Wanted Person (Arrest Warrant/Fugitive)"
"4d45c22d-8f45-4c49-b0ee-cba723738588","***","2026-09-13T22:02:44.670Z","617","Wanted Person (Arrest Warrant/Fugitive)"
"c9c345ea-9c18-4083-8522-2b048c012b1f","***","2026-09-13T22:38:37.276Z","616","Assault/Battery Offenses"
"eedc3d86-66d5-4a6d-8cc1-4791af0b7a97","***","2026-09-13T23:14:44.566Z","287","Drugs/Narcotics"
"5eb88bc9-89d1-43cb-a264-8f6895dca307","***","2026-09-13T23:59:08.922Z","616","Criminal Motor Vehicle Offense (incl. Road Rage/Reckless)"
"b3b053ba-ddff-49e4-922f-f01c20ad56bf","***","2026-09-14T00:03:44.780Z","287","Drugs/Narcotics"
"a15d0270-5285-428f-ac06-b0c4f0333fd2","***","2026-09-14T01:47:30.330Z","539","Obstructing the Police (Fleeing/Eluding)"
"d5e9997e-19f5-4b6d-b4ff-acc8fad29ff7","***","2026-09-14T01:54:27.857Z","539","Obstructing the Police (Fleeing/Eluding)"
"d58de392-837e-424c-b8e2-1b13c5f9d7f2","***","2026-09-14T03:44:46.931Z","287","Drugs/Narcotics"
"0a625b58-f061-44c4-afc2-08a2c9f322de","***","2026-09-14T04:37:35.926Z","617","Drugs/Narcotics"
"327c1dc0-09d9-49bd-a07b-550704505824","***","2026-09-14T05:37:56.614Z","540","Wanted Person (Arrest Warrant/Fugitive)"
"143b61f4-f623-4e7c-addd-1f04b4a3c18a","***","2026-09-14T06:05:52.482Z","287","Drugs/Narcotics"
"c5cd5c9e-0560-4eb9-bc6e-ae2f470740ea","***","2026-09-14T06:58:28.128Z","287","Drugs/Narcotics"
"a148eaf8-aa19-4d90-8ef4-dc734afc6adb","***","2026-09-14T07:00:44.306Z","287","Drugs/Narcotics"
"68ae3965-872a-4be0-a989-7b89180f94aa","***","2026-09-14T11:25:14.479Z","618","Motor Vehicle Theft/Stolen"
"9143b5b7-60ae-4bc1-b148-4440e3a2b2de","***","2026-09-14T12:59:43.753Z","1","Hit and Run/Car Accident"
"b5da0ea5-c6ac-41bf-aa62-539d8259fc74","***","2026-09-14T13:00:48.633Z","2","Hit and Run/Car Accident"
"72ca339c-2585-44ba-9a47-ee3d2b58a422","***","2026-09-14T13:08:50.045Z","2","Motor Vehicle Theft/Stolen"
"d82cfa4c-7d09-4281-a04f-a335ccef810d","***","2026-09-14T13:14:55.871Z","10","Hit and Run/Car Accident"
"36b2556b-c807-4b12-865c-f8dfc714498b","***","2026-09-14T13:19:51.616Z","1","Hit and Run/Car Accident"
"6c6b57bf-c816-4ffa-9fdc-c3288e9fff32","***","2026-09-14T13:28:02.659Z","287","Assault/Battery Offenses"
"b6dcb8bf-641a-409d-8227-009055fa686f","***","2026-09-14T14:45:44.397Z","611","Traffic Infraction"
"97ba6b70-ef93-4c04-af19-001aeb3abdf8","***","2026-09-14T14:51:04.898Z","287","Welfare Check"
"094ec61d-e9f5-4dc6-a3e4-4fb57d9e1357","***","2026-09-14T15:01:29.290Z","5737","Welfare Check"
"2c9c334d-d7ff-4120-afa8-3c8818c5ca76","***","2026-09-14T15:06:55.627Z","611","Traffic Infraction"
"36f7d8b1-f421-4583-8a3a-0a54f03c4495","***","2026-09-14T15:39:57.502Z","287","Child Abuse/Neglect"
"07a94f3b-e39f-4a43-833c-954216242e77","***","2026-09-14T16:16:02.396Z","2","Larceny/Theft Offenses"
"345bf11a-4a41-4e29-9e1b-ff47ac4d66b1","***","2026-09-14T16:18:43.823Z","615","Burglary/Breaking & Entering"
"5a8de1c1-533d-4746-b772-3ba23e66f77f","***","2026-09-14T17:01:21.930Z","615","Burglary/Breaking & Entering"
"99178312-f729-41bc-8de5-dc817eeb7dae","***","2026-09-14T18:09:08.405Z","614","Larceny/Theft Offenses"
"f5a63fab-6636-4a67-a158-d3e24ce340eb","***","2026-09-14T18:21:52.176Z","1","Destruction/Damage/Vandalism of Property"
"61107bbc-d207-46e0-b15e-bac1afd6c0bc","***","2026-09-14T19:03:20.416Z","616","Motor Vehicle Theft/Stolen"
"0b64b94b-9d22-4b3b-a57d-d209938ae759","***","2026-09-14T20:23:25.288Z","615","Wanted Person (Arrest Warrant/Fugitive)"
"7ae8bb5f-82ae-4188-a598-4d01ca180ddd","***","2026-09-14T23:14:34.533Z","536","Drugs/Narcotics"
"fc709923-0060-4f27-906d-dec440b9bd9e","***","2026-09-14T23:53:56.571Z","612","Child Abuse/Neglect"
"36a622c8-3c16-4074-b3d6-32d0fcca28f1","***","2026-09-15T00:12:11.539Z","615","Motor Vehicle Theft/Stolen"
"109b343c-4f37-44db-a537-a19ef3efb44a","***","2026-09-15T00:26:57.451Z","19","Obstructing Justice"
"3a52e183-1638-49bd-977a-e060bf33813d","***","2026-09-15T03:48:14.254Z","612","Welfare Check"
"870bc7cf-e315-47eb-9269-78334a8221b5","***","2026-09-15T04:01:43.631Z","612","Welfare Check"
"5c544161-dc0d-4d09-9b4c-14ffbcf6fb07","***","2026-09-15T09:14:43.920Z","612","Sex Offenses"
"bc560a8e-b90d-4dc8-9f60-8f75e0077571","***","2026-09-15T10:52:49.708Z","287","Stolen Property Offenses"
"02ec35c8-82eb-4a3c-b50b-3ee119398c81","***","2026-09-15T10:56:58.698Z","615","Motor Vehicle Theft/Stolen"
"6a03961f-ec76-4ad1-995c-8eab734a9085","***","2026-09-15T11:04:22.936Z","287","Motor Vehicle Theft/Stolen"
"44e7876d-5db5-4683-855e-6038974a9712","***","2026-09-15T11:09:38.707Z","615","Motor Vehicle Theft/Stolen"
"17f80e86-ca54-486c-bb53-e107144e49dc","***","2026-09-15T11:20:41.417Z","613","Stolen Property Offenses"
"97a42f95-974c-4318-8a0b-27115beb7421","***","2026-09-15T11:22:03.239Z","615","Motor Vehicle Theft/Stolen"
"22a2df7f-ed61-4da6-978c-12386780eedc","***","2026-09-15T11:23:15.142Z","287","Motor Vehicle Theft/Stolen"
"2580ea0b-6d84-453a-a652-0bf635b5302c","***","2026-09-15T12:15:28.825Z","615","Motor Vehicle Theft/Stolen"
"9e97aec8-c9cc-46ed-b178-35362c15608e","***","2026-09-15T12:29:07.407Z","536","Drugs/Narcotics"
"33e7c175-2a29-47d7-8179-ce3f82522030","***","2026-09-15T12:45:13.013Z","2","Stalking"
"af46221b-47c6-4b6a-b703-8f77c4700d87","***","2026-09-15T12:45:29.067Z","615","Motor Vehicle Theft/Stolen"
"4eae8e76-e001-4bb8-a5fe-76ba6884bd09","***","2026-09-15T13:09:25.082Z","613","Stalking"
"a2d0bc70-a377-451a-b4fa-3431d7bb1edc","***","2026-09-15T13:20:39.261Z","287","Stalking"
"f13dce3a-1f0c-49a9-95b1-3f585198719f","***","2026-09-15T13:22:36.726Z","287","Motor Vehicle Theft/Stolen"
"5870b8d4-9b19-41b8-965e-545068a5305b","***","2026-09-15T13:23:43.822Z","615","Motor Vehicle Theft/Stolen"
"11f20950-bce0-4343-8b50-75054bf9e359","***","2026-09-15T13:31:33.427Z","613","Wanted Person (Arrest Warrant/Fugitive)"
"ab4fcc0d-1dea-4a90-bd67-577495f39ac6","***","2026-09-15T13:37:09.224Z","2","Alcohol Offenses (Non-DUI)"
"20571336-3bbb-4e32-a5ad-53c47f56dc35","***","2026-09-15T13:53:31.451Z","612","Motor Vehicle Theft/Stolen"
"849e5161-af4a-444f-97be-ab593ca6cc3b","***","2026-09-15T14:13:07.243Z","288","Assault/Battery Offenses (Domestic)"
"51ef8487-6156-486c-b71e-e0fb18fd8115","***","2026-09-15T14:14:30.480Z","533","Stalking"
"bb0216fb-c2fe-4f41-9a3a-354598e05884","***","2026-09-15T14:27:33.444Z","287","Stalking"
"9b18a867-3ee4-4ac9-933b-8cdcd8f8b6e7","***","2026-09-15T15:00:11.382Z","288","Assault/Battery Offenses (Domestic)"
"ea67cd73-4542-4e70-89cd-82545e9083b5","***","2026-09-15T16:02:20.992Z","287","Stalking"
"e0e7699f-6514-4c3e-8b3d-3d4914536162","***","2026-09-15T16:10:01.972Z","609","Sex Offenses"
"cc35b96d-dce6-409b-8c4f-8c74ae7900a8","***","2026-09-15T16:10:49.463Z","532","Welfare Check"
"e855598d-b124-4640-ad3c-5e6ed1d710f8","***","2026-09-15T16:11:58.946Z","2","Missing/Endangered Person/Runaway"
"d499425a-c9a6-4d4b-8617-7d7d07762d96","***","2026-09-15T16:26:16.862Z","285","Alcohol Offenses (Non-DUI)"
"4d056406-b339-40a0-bf1d-2191e2becc00","***","2026-09-15T16:28:40.418Z","288","Assault/Battery Offenses (Domestic)"
"aaaef2d8-94f0-4c68-a009-0b54babdc56d","***","2026-09-15T16:48:38.964Z","535","Wanted Person (Arrest Warrant/Fugitive)"
"aec032d2-83d5-4a67-b7f0-33cec543e18f","***","2026-09-15T17:08:38.437Z","19","Motor Vehicle Theft/Stolen"
"79ea5f6a-51b1-4b01-8fd7-1f4e3d08a37c","***","2026-09-15T17:09:35.573Z","609","Larceny/Theft Offenses"
"0993a7b9-cea9-41e8-a0ab-5308dd7ac902","***","2026-09-15T17:38:34.062Z","5706","Assault/Battery Offenses (Domestic)"
"073e09af-d156-4dd9-a975-748619ec28a2","***","2026-09-15T17:53:09.700Z","287","Stalking"
"d72e7d07-964f-45a0-8428-3364182be9e0","***","2026-09-15T18:16:55.694Z","287","Stalking"
"849428ca-ad57-4832-aaa7-80804f1b5b70","***","2026-09-15T18:28:43.648Z","609","Financial Crime (Embezzlement/Fraud)"
"61607869-ed56-44e7-ab10-89658b6159bd","***","2026-09-15T18:28:53.734Z","527","Traffic Infraction"
"3e880d90-9eb1-4bda-a570-bf3cbde82f1e","***","2026-09-15T18:33:43.873Z","97","Larceny/Theft Offenses"
"bab6d0f2-f798-465d-919b-996997fd455b","***","2026-09-15T18:34:57.626Z","287","Drugs/Narcotics"
"646ac411-7eef-41cd-a949-ca2c188c17d0","***","2026-09-15T18:44:39.658Z","609","Larceny/Theft Offenses"
"5c313286-a8e9-46c4-a844-85889eecf541","***","2026-09-15T18:49:08.418Z","532","Driving Under the Influence (DUI/DWI/OWI/OVI)"
"64ae6541-9ca3-4001-a794-9b291549c1f1","***","2026-09-15T18:49:20.670Z","18","Drugs/Narcotics"
"691bed8a-606e-49c0-b0b2-f8f073fef70b","***","2026-09-15T19:01:29.906Z","287","Larceny/Theft Offenses"
"7b454652-bf3a-4521-b493-c8b3898be1ae","***","2026-09-15T19:05:48.019Z","77","Larceny/Theft Offenses"
"e3f97beb-a1fb-44ee-9aa5-173e8358b672","***","2026-09-15T19:13:14.979Z","533","Drugs/Narcotics"
"54a4aa9d-be33-4a31-9061-370cf4edb038","***","2026-09-15T19:23:10.553Z","533","Drugs/Narcotics"
"6fa0e416-1f03-4a91-b4bf-2c6cdc27eaf3","***","2026-09-15T19:30:38.160Z","612","Motor Vehicle Theft/Stolen"
"1c681e37-ceaf-46d6-9da0-ee5f600c1dbe","***","2026-09-15T19:49:24.241Z","609","Financial Crime (Embezzlement/Fraud)"
"21353ae7-2946-46d1-bfcb-f28c8665093e","***","2026-09-15T19:52:20.461Z","2",""
"faf8cc93-1fc5-4319-b510-bd5b24ec6030","***","2026-09-15T20:10:22.859Z","610","Larceny/Theft Offenses"
"515c89d8-bf45-417f-8817-8c8eab018140","***","2026-09-15T20:40:00.374Z","1","Larceny/Theft Offenses"
"1f9b160d-d73d-48d4-af95-ff022a011070","***","2026-09-15T20:41:15.487Z","287","Drugs/Narcotics"
"53100efd-c74c-4eef-b45b-39d466cfb6f6","***","2026-09-15T20:54:57.793Z","612","Wanted Person (Arrest Warrant/Fugitive)"
"f6289889-b51c-41b4-9134-8deea6411586","***","2026-09-15T20:59:17.699Z","611","Human Trafficking"
"381bb98a-0a49-4c72-b9e2-a4b46b16daf3","***","2026-09-15T21:00:06.745Z","609","Larceny/Theft Offenses"
"2a673808-2a5a-492f-aa15-70e22e43f587","***","2026-09-15T21:03:12.498Z","19","Motor Vehicle Theft/Stolen"
"dad718c3-8915-4e8a-b2c6-15bb0e109297","***","2026-09-15T21:37:01.449Z","612","Wanted Person (Arrest Warrant/Fugitive)"
"22ed40ec-434d-41fb-ab2a-034006f36b2f","***","2026-09-15T22:12:25.412Z","19","Wanted Person (Arrest Warrant/Fugitive)"
"070eddd4-e6c0-4d01-8094-649b759911ad","***","2026-09-15T22:17:24.981Z","609","Sex Offenses"
"43ba1b3b-a8ea-45ec-8e9c-9c7f6735792c","***","2026-09-16T00:00:08.869Z","9","Financial Crime (Embezzlement/Fraud)"
"c126457e-9500-4ecd-a99a-65ac63ec02fb","***","2026-09-16T00:29:54.494Z","60","Motor Vehicle Theft/Stolen"
"78dfc1cb-991f-4ea0-b6b2-028d9ea31c35","***","2026-09-16T00:31:32.405Z","612","Motor Vehicle Theft/Stolen"
"2ac963db-dec1-4f45-b4d6-38aebc97cdeb","***","2026-09-16T00:48:11.713Z","5698","Stalking"
"0343fea2-5689-46eb-8e36-d5dd585e02c6","***","2026-09-16T01:00:36.297Z","19","Wanted Person (Arrest Warrant/Fugitive)"
"7975ab78-6aa8-44ed-819b-20fe76262c14","***","2026-09-16T01:03:37.329Z","612","Wanted Person (Arrest Warrant/Fugitive)"
"62a8bd65-a8ce-4882-885a-efaeb0a7ae28","***","2026-09-16T01:09:09.586Z","532","Criminal Motor Vehicle Offense (incl. Road Rage/Reckless)"
"b11b4906-7210-485f-97f0-063e9f23ce30","***","2026-09-16T01:31:24.750Z","2","Assault/Battery Offenses (Domestic)"
"be62374a-896a-4a32-9819-e2be5a629a58","***","2026-09-16T02:00:29.650Z","535","Wanted Person (Arrest Warrant/Fugitive)"
"28aaa1a3-ca9d-48e4-a5dc-ca203b68398f","***","2026-09-16T02:00:54.032Z","535","Motor Vehicle Theft/Stolen"
"6bbffa45-afd9-4233-b283-04f6ec39798b","***","2026-09-16T02:16:03.429Z","612","Motor Vehicle Theft/Stolen"
"73ebebb7-86e3-4379-8979-fb11b3e9bda6","***","2026-09-16T02:21:35.334Z","2","Larceny/Theft Offenses"
"0d1df0a1-3184-4c07-a7ba-5a4f9e70e110","***","2026-09-16T02:28:13.772Z","535","Wanted Person (Arrest Warrant/Fugitive)"
"f36e59a4-aa66-4d02-964e-e3727b985263","***","2026-09-16T03:07:35.634Z","533","Drugs/Narcotics"
"d8722737-d1f1-45d6-8053-2a1f1ffc2f9e","***","2026-09-16T03:07:52.289Z","612","Wanted Person (Arrest Warrant/Fugitive)"
"efd842cf-69ef-42b2-9310-f735774329bd","***","2026-09-16T03:08:42.080Z","535","Wanted Person (Arrest Warrant/Fugitive)"
"d15fab84-1487-405a-9826-4a088e8f02a5","***","2026-09-16T03:19:29.160Z","612","Motor Vehicle Theft/Stolen"
"66b6c6b7-367c-484b-b83a-0c160cf20fd7","***","2026-09-16T03:23:21.596Z","609","Obstructing the Police (Fleeing/Eluding)"
"707876d0-6fd3-4f18-bb79-305bb072053c","***","2026-09-16T04:03:25.234Z","535","Wanted Person (Arrest Warrant/Fugitive)"
"e1cff50a-49c4-4747-9cdf-693026d78865","***","2026-09-16T04:13:14.814Z","612","Motor Vehicle Theft/Stolen"
"b11c9fb6-b676-419b-bc4d-1930dd9fec10","***","2026-09-16T04:20:27.194Z","612","Wanted Person (Arrest Warrant/Fugitive)"
"d9171780-6f44-475d-b35c-4850fff96fcb","***","2026-09-16T04:23:08.802Z","533","Drugs/Narcotics"
"b56ccd12-fa69-413d-9d66-4c2711fe58cf","***","2026-09-16T04:29:12.318Z","609","Obstructing the Police (Fleeing/Eluding)"
"c0663299-d5f7-4ce2-a263-d7196f3f92cc","***","2026-09-16T05:04:47.495Z","609","Obstructing the Police (Fleeing/Eluding)"
"0b4f9b91-3be8-41b8-9a83-dd994e4b4ceb","***","2026-09-16T05:20:38.865Z","533","Motor Vehicle Theft/Stolen, Burglary/Breaking & Entering"
"4abbcbfb-5fcd-4927-b1bd-f2bb104fc127","***","2026-09-16T05:20:42.575Z","610","Burglary/Breaking & Entering"
"c59dda2b-4400-401f-8a4a-3efc32407766","***","2026-09-16T06:07:47.911Z","535","Motor Vehicle Theft/Stolen"
"c9893eb9-fcbf-4e30-9ff2-f43946274a43","***","2026-09-16T06:10:17.874Z","2","Motor Vehicle Theft/Stolen"
"57d71775-b563-4c59-abe6-4e9c255ed867","***","2026-09-16T06:14:52.261Z","1","Weapons Offense (Guns/Shots Fired)"
"733f0de3-63f2-4e1b-a4b8-c82c06310af2","***","2026-09-16T06:18:34.575Z","3","Weapons Offense (Guns/Shots Fired)"
"2bc23c77-8a3a-4a15-bac7-19f854819775","***","2026-09-16T06:19:53.769Z","532","Larceny/Theft Offenses"
"3d2846b1-ae64-4587-b703-c7a1dd0fd3f7","***","2026-09-16T06:21:42.793Z","2","Burglary/Breaking & Entering"
"83d15b8f-8a88-4651-8ace-fe3170d453f5","***","2026-09-16T06:34:28.072Z","535","Weapons Offense (Guns/Shots Fired)"
"fe1bcc3f-cfde-4847-9b26-8a58743a6a22","***","2026-09-16T07:00:54.447Z","535","Motor Vehicle Theft/Stolen"
"a5168d17-f0a7-417e-86a4-b7b22416ef3c","***","2026-09-16T07:01:25.416Z","3","Weapons Offense (Guns/Shots Fired)"
"624571af-9975-4268-b996-0c97b0353485","***","2026-09-16T07:03:15.858Z","612","Weapons Offense (Guns/Shots Fired)"
"67bd4307-a2d0-4e8c-b6d9-a9dad63566c9","***","2026-09-16T07:13:13.448Z","532","Larceny/Theft Offenses"
"dab65498-578d-4a57-b801-450945d23664","***","2026-09-16T08:00:52.463Z","1","Weapons Offense (Guns/Shots Fired)"
"6b7aceed-25cf-4bd1-84a0-30ae1b51e570","***","2026-09-16T08:10:07.192Z","612","Wanted Person (Arrest Warrant/Fugitive)"
"01bde5ba-8f97-47d1-ab0f-556f8cd5c3c1","***","2026-09-16T08:26:26.287Z","2","Financial Crime (Embezzlement/Fraud)"
"75f89743-a09c-405b-843d-a693482013ce","***","2026-09-16T08:35:23.962Z","2","Stalking"
"2bcdaed3-3f04-4b57-ae9f-282d527c4e4d","***","2026-09-16T09:00:09.413Z","1","Financial Crime (Embezzlement/Fraud)"
"4f84b5ed-e4e1-445a-9096-cb86302d84eb","***","2026-09-16T09:14:27.138Z","612","Weapons Offense (Guns/Shots Fired)"
"b080e6e3-e1f6-4188-8a4d-4a949381d2ee","***","2026-09-16T10:11:51.165Z","533","Assault/Battery Offenses"
"fc8f73ef-b195-44ca-be6d-be34f597a34a","***","2026-09-16T11:19:07.562Z","610","Stolen Property Offenses"
"215338a1-ab7b-4fbf-bdc0-7e575e0ef6cd","***","2026-09-16T11:20:20.708Z","612","Motor Vehicle Theft/Stolen"
"59729697-5c46-416a-8797-3ffb2f1376cc","***","2026-09-16T11:26:04.536Z","612","Wanted Person (Arrest Warrant/Fugitive)"
"89630274-c607-49b8-93bd-40c53fdcda36","***","2026-09-16T11:40:34.992Z","612","Motor Vehicle Theft/Stolen"
"b2177c0c-25e2-45bf-8588-d2381b36e705","***","2026-09-16T12:01:58.261Z","610","Drugs/Narcotics"
"07ea64b5-b898-4ec7-8cff-acfa133f8c45","***","2026-09-16T12:06:39.906Z","612","Motor Vehicle Theft/Stolen"
"f56b72c9-6e3f-4306-9f12-03ec52e61467","***","2026-09-16T12:35:40.962Z","1","Larceny/Theft Offenses"
"737e6ea1-ab2c-4486-8629-b8845f822c96","***","2026-09-16T12:52:22.538Z","610","Stolen Property Offenses"
"41d1cc75-c945-4005-87d0-75ef8d8f65d3","***","2026-09-16T13:08:32.961Z","609","Financial Crime (Embezzlement/Fraud)"
"0a49dcce-0d93-4dee-9cdb-4674ca879655","***","2026-09-16T13:11:44.258Z","610","Drugs/Narcotics"
"39c30ac2-203e-4fc8-b2ba-9f14881e651b","***","2026-09-16T13:15:57.243Z","612","Motor Vehicle Theft/Stolen"
"b1cdf496-e44b-48a0-b6d2-e5d2ede4abbd","***","2026-09-16T13:25:57.511Z","19","Burglary/Breaking & Entering"
"4d719a69-1930-48e6-addb-6ebe41739e8a","***","2026-09-16T13:30:46.875Z","2",""
"041b53f6-c2db-4405-bd64-96ef17eaf464","***","2026-09-16T14:17:47.586Z","610","Drugs/Narcotics"
"4f6b9417-2661-49db-bb12-f4503663f646","***","2026-09-16T14:28:57.748Z","610","Sex Offenses"
"1a652550-c8fe-4b3b-b5f3-94b9c84768a5","***","2026-09-16T14:41:54.641Z","610","Larceny/Theft Offenses"
"b9474889-9c88-4ef5-8ecf-e33211201cea","***","2026-09-16T14:51:09.578Z","612","Motor Vehicle Theft/Stolen"
"d37c8708-7165-4a5a-86b0-086c51731cad","***","2026-09-16T14:58:23.214Z","612","Motor Vehicle Theft/Stolen"
"c83f473e-7575-4028-bd75-991fad10c908","***","2026-09-16T15:01:34.928Z","1","Larceny/Theft Offenses"
"719b0d63-093d-4fe5-b344-9f74d61d4ebc","***","2026-09-16T16:00:04.355Z","1","Destruction/Damage/Vandalism of Property"
"190908fd-c5a3-43ba-b9b3-f2de8dedac9d","***","2026-09-16T16:33:31.165Z","611","Wanted Person (Arrest Warrant/Fugitive)"
"9a6ceed6-2e97-4562-9436-fa71a277b0cf","***","2026-09-16T17:01:51.807Z","611","Wanted Person (Arrest Warrant/Fugitive)"
"967d0e63-d45c-4492-b3d9-20b596ecae3f","***","2026-09-16T17:39:24.859Z","612","Weapons Offense (Guns/Shots Fired)"
"3fab4839-af80-4ab2-85d6-4b1d4226a5c6","***","2026-09-16T18:02:46.881Z","612","Weapons Offense (Guns/Shots Fired)"
"f6a4e6b0-ea44-44ff-98fb-75282a65a9eb","***","2026-09-16T18:18:49.409Z","608","Financial Crime (Embezzlement/Fraud)"
"df834022-8fe2-4d2f-806b-003e8cc44e71","***","2026-09-16T18:18:51.256Z","608","Obstructing the Police (Fleeing/Eluding)"
"07e80ebf-c609-45a7-a39c-56e90e832e2a","***","2026-09-16T18:34:41.630Z","611","Wanted Person (Arrest Warrant/Fugitive)"
"b972f556-9f82-4780-a5f0-09b7476c0982","***","2026-09-16T19:06:23.906Z","608","Sex Offenses"
"e7468fca-9751-4736-b8de-98a1f6b66e2e","***","2026-09-16T19:09:39.129Z","611","Wanted Person (Arrest Warrant/Fugitive)"
"dcb386d6-df56-4c78-a387-ff0c1d254a15","***","2026-09-16T19:16:54.224Z","2","Alcohol Offenses (Non-DUI)"
"322fd5b1-16da-44fd-9fcc-3a105802142a","***","2026-09-16T19:27:19.813Z","12","Obstructing the Police (Fleeing/Eluding)"
"48809a0a-59e7-48a7-8e6b-1a7ed537b5f8","***","2026-09-16T19:49:55.101Z","2","Motor Vehicle Theft/Stolen"
"b4ebcc84-346b-4fc9-a36e-86e827c64203","***","2026-09-16T20:06:13.098Z","288","Larceny/Theft Offenses"
"edaa2f27-16d5-4725-bb32-cbfd3450a8db","***","2026-09-16T20:44:03.010Z","606","Alcohol Offenses (Non-DUI)"
"7d8c7771-c50a-4a5c-ac9a-f0a703192788","***","2026-09-16T21:25:09.556Z","608","Larceny/Theft Offenses"
"c4c8ae7e-617c-4ff2-b889-26217567df32","***","2026-09-16T21:33:34.479Z","611","Wanted Person (Arrest Warrant/Fugitive)"
"7cd78abf-591b-4446-b0fd-73a866c5eec1","***","2026-09-16T21:45:22.920Z","611","Motor Vehicle Theft/Stolen"
"7a6cb42f-0951-4043-9dc1-2b772e43fe51","***","2026-09-16T22:07:23.869Z","611","Wanted Person (Arrest Warrant/Fugitive)"
"842cedb6-af76-42ad-a845-85b8d3e847d2","***","2026-09-16T22:10:00.788Z","5677","Criminal Motor Vehicle Offense (incl. Road Rage/Reckless)"
"db953f81-2cb6-4add-978d-5667396e2587","***","2026-09-16T23:08:28.233Z","611","Wanted Person (Arrest Warrant/Fugitive)"
"82fbe411-f72b-4c8a-9ffc-f8a36c1acd6d","***","2026-09-17T00:19:50.024Z","611","Wanted Person (Arrest Warrant/Fugitive)"
"c56ca670-b1fd-4407-a596-66dc31ec5fae","***","2026-09-17T00:51:56.608Z","532","Assault/Battery Offenses (Domestic)"
"92c1b9e6-94b1-4305-af83-93e4060a6162","***","2026-09-17T01:15:21.822Z","611","Wanted Person (Arrest Warrant/Fugitive)"
"ad479492-ed75-458c-96eb-d30211871b35","***","2026-09-17T02:22:23.206Z","611","Wanted Person (Arrest Warrant/Fugitive)"
"660ae329-5e78-44c1-9c1a-6d66ccb11308","***","2026-09-17T02:24:02.723Z","531","Obstructing the Police (Fleeing/Eluding)"
"77834fef-1663-44df-95d5-a15add1b9f86","***","2026-09-17T03:09:01.614Z","611","Wanted Person (Arrest Warrant/Fugitive)"
"385bba44-df8e-42e2-882b-65b194e37920","***","2026-09-17T03:43:30.340Z","534","Missing/Endangered Person/Runaway"
"4cb7f7f7-2dfc-484a-ab2e-d400c60f02f4","***","2026-09-17T04:23:55.097Z","534","Wanted Person (Arrest Warrant/Fugitive)"
"c75bf12c-d3dc-4a16-b3fd-b0f91173f808","***","2026-09-17T04:32:46.075Z","611","Wanted Person (Arrest Warrant/Fugitive)"
"8375a7a0-5985-46a6-b947-143c710cd166","***","2026-09-17T06:49:05.414Z","609","Stolen Property Offenses"
"72e2d5ba-ec46-4d7a-abe2-2b800dce3577","***","2026-09-17T11:38:00.452Z","609","Sex Offenses"
"7f15faea-4036-4f67-bb7d-96d83472ce96","***","2026-09-17T12:35:57.915Z","608","Larceny/Theft Offenses"
"9539c19a-a379-40ea-959d-5b2359dab359","***","2026-09-17T13:10:37.062Z","2","Larceny/Theft Offenses"
"6855f4f6-87ae-430b-a775-d8235f5a4acb","***","2026-09-17T13:36:55.723Z","2","Assault/Battery Offenses (Domestic)"
"41d7a95b-df36-48f8-8c87-f17700912a03","***","2026-09-17T13:57:35.519Z","608","Welfare Check"
"9bfd9a5d-f706-4736-8239-4bf1e2ce2ce6","***","2026-09-17T14:00:13.525Z","608","Welfare Check"
"77a4ac82-3d38-46f9-a423-822d560e84d1","***","2026-09-17T14:07:20.063Z","3","Traffic Infraction"
"5c40cf9c-a85c-4192-bdc1-02e7f59e3b26","***","2026-09-17T14:09:31.250Z","287","Welfare Check"
"004e84a6-b83a-446a-9c55-1eb813006b49","***","2026-09-17T14:11:02.676Z","2","Welfare Check"
"77fe2fd4-092a-48b0-ad3c-5825d958b065","***","2026-09-17T14:37:07.914Z","608","Financial Crime (Embezzlement/Fraud)"
"1d85aca2-bfdf-4163-abe7-42df02fdc735","***","2026-09-17T15:05:28.645Z","612","Motor Vehicle Theft/Stolen"
"d003d26e-a25b-41c0-a7d8-1814b9329922","***","2026-09-17T15:16:08.308Z","532","Drugs/Narcotics"
"736e085f-14b0-4026-9093-467f8397a99a","***","2026-09-17T15:45:19.675Z","2","Sex Offenses"
"8827c419-81e9-4cca-aaed-96a6c125c9ee","***","2026-09-17T16:10:05.986Z","611","Wanted Person (Arrest Warrant/Fugitive)"
"d225645c-04ec-45e0-8554-a89a82d76ad9","***","2026-09-17T16:10:44.149Z","609","Sex Offenses"
"64b59453-7eb9-4ed2-adef-2e246de78a04","***","2026-09-17T16:22:45.098Z","532","Drugs/Narcotics"
"e960e52a-1550-4eca-9501-0c35f705ab4e","***","2026-09-17T17:01:59.594Z","611","Wanted Person (Arrest Warrant/Fugitive)"
"3fb67108-9167-4250-9c2f-12fbae845f9c","***","2026-09-17T17:13:42.452Z","532","Drugs/Narcotics"
"ba6aff49-e2ce-415b-bc49-0063cc005206","***","2026-09-17T17:45:41.789Z","1","Larceny/Theft Offenses"
"949261ce-54a6-450d-b70a-35bfea2872b7","***","2026-09-17T17:50:44.478Z","611","Wanted Person (Arrest Warrant/Fugitive)"
"48967a10-4b20-43e9-9012-a4f7acfd57c7","***","2026-09-17T17:59:42.553Z","609","Sex Offenses"
"577e41db-bff1-457d-b8d3-3bbd805515bf","***","2026-09-17T18:13:54.413Z","611","Wanted Person (Arrest Warrant/Fugitive)"
"0bc5bcbb-cfd9-47d7-8771-f3e0828d29d9","***","2026-09-17T18:46:12.353Z","1","Destruction/Damage/Vandalism of Property"
"1ac8c931-47f4-42c9-9a48-dde9f8304a2a","***","2026-09-17T19:00:14.355Z","1","Destruction/Damage/Vandalism of Property"
"de2c4775-0ec4-43d1-9320-b8b0843b7ec5","***","2026-09-17T19:01:27.971Z","608","Larceny/Theft Offenses"
"ccecfae6-ae4b-4e1a-80ce-1b34cfaa277a","***","2026-09-17T19:11:05.113Z","534","Wanted Person (Arrest Warrant/Fugitive)"
"6fdb55f0-a37b-42a2-9355-14b706fb76a2","***","2026-09-17T19:21:26.671Z","611","Wanted Person (Arrest Warrant/Fugitive)"
"cf941036-db4e-4b45-be05-3ffef1dcaafd","***","2026-09-17T19:58:20.103Z","2","Assault/Battery Offenses (Domestic)"
"d19f6fd8-0c7b-499f-952d-f29675fa6a50","***","2026-09-17T20:01:01.135Z","2","Assault/Battery Offenses (Domestic)"
"6cc81e8f-5765-47da-8b5c-7631ad3d3acf","***","2026-09-17T20:21:31.043Z","609","Larceny/Theft Offenses"
"f2480af2-1ec9-4ba4-9b0f-196ff5422f11","***","2026-09-17T20:49:38.200Z","531","Assault/Battery Offenses, Wanted Person (Arrest Warrant/Fugitive)"
"0fe31cc6-fc03-4de6-9819-85edbc30ccf1","***","2026-09-17T21:04:27.656Z","3","Larceny/Theft Offenses"
"7e8e90f3-b2ec-4272-a28f-df91ba4bc0ec","***","2026-09-17T21:17:21.991Z","532","Burglary/Breaking & Entering"
"a0266034-4b59-4751-a8eb-6a1be741a7ff","***","2026-09-17T21:31:46.466Z","611","Wanted Person (Arrest Warrant/Fugitive)"
"24a41c5a-d70d-4c96-b386-dd9792c6fad1","***","2026-09-17T21:44:23.299Z","531","Assault/Battery Offenses, Wanted Person (Arrest Warrant/Fugitive)"
"ae5c42f7-0cba-4041-b62a-7544d1200096","***","2026-09-17T22:03:52.024Z","611","Wanted Person (Arrest Warrant/Fugitive)"
"e2eea4b4-08ae-4893-8513-dfbd51c40ebc","***","2026-09-17T22:10:35.648Z","531","Assault/Battery Offenses, Wanted Person (Arrest Warrant/Fugitive)"
"6fdbe6db-b31c-4630-b826-a02ea0aecd0e","***","2026-09-17T23:03:54.839Z","531","Assault/Battery Offenses, Wanted Person (Arrest Warrant/Fugitive)"
"123ef50b-d376-4aa0-8e8d-9ac2d261d94c","***","2026-09-17T23:49:24.963Z","611","Wanted Person (Arrest Warrant/Fugitive)"
"b362fd21-0e47-4ca5-bbe0-93c0097bab04","***","2026-09-18T00:44:27.853Z","531","Hit and Run/Car Accident"
"9c21c7e1-9dc8-43da-b73c-46e5b36955dc","***","2026-09-18T01:08:51.417Z","531","Hit and Run/Car Accident"
"52997b08-4c96-4382-8508-81eec2e7861f","***","2026-09-18T01:09:43.630Z","611","Missing/Endangered Person/Runaway"
"7eaeb6f4-4c43-4a8f-9769-6d35f71b7e38","***","2026-09-18T01:10:31.393Z","611","Missing/Endangered Person/Runaway"
"47ff1f71-e25c-4616-9be4-a397354dc812","***","2026-09-18T01:11:17.756Z","5672","Missing/Endangered Person/Runaway"
"0e372d49-67c6-49aa-a301-c36b4f151019","***","2026-09-18T02:37:20.672Z","611","Wanted Person (Arrest Warrant/Fugitive)"
"64188761-ac02-4544-9344-a0d4340db449","***","2026-09-18T02:42:19.576Z","531","Hit and Run/Car Accident"
"667e75c0-9982-48b7-b48d-1976388ceab5","***","2026-09-18T03:51:33.389Z","531","Hit and Run/Car Accident"
"82375181-bab3-4da0-a5b7-60bd8b4bb44a","***","2026-09-18T07:06:58.585Z","2","Obstructing the Police (Fleeing/Eluding)"
"660f11a0-d60b-48f8-9429-6dc21eb2bf22","***","2026-09-18T13:30:32.417Z","532","Wanted Person (Arrest Warrant/Fugitive)"
"5cb99383-5214-4a21-9a88-9b622ed609ae","***","2026-09-18T14:16:16.681Z","287","Motor Vehicle Theft/Stolen"
"d46e8bca-1903-4c08-8ecd-c2465b122fe7","***","2026-09-18T14:22:59.411Z","287","Financial Crime (Embezzlement/Fraud)"
"4a54f377-4372-410c-abab-183374d4ea8c","***","2026-09-18T14:23:24.450Z","532","Wanted Person (Arrest Warrant/Fugitive)"
"67342ddb-2d0b-40eb-b99b-5a5c2fcaf678","***","2026-09-18T15:09:19.920Z","532","Wanted Person (Arrest Warrant/Fugitive)"
"5af48c62-a312-4107-994b-f6579af96701","***","2026-09-18T15:17:02.923Z","530","Drugs/Narcotics"
"49ed6b4d-b046-4d96-8102-a116809bd13f","***","2026-09-18T16:43:30.036Z","532","Wanted Person (Arrest Warrant/Fugitive)"
"2a79a379-af2c-48b6-8ee8-914d91282f4a","***","2026-09-18T17:35:35.186Z","530","Drugs/Narcotics"
"4f6737e4-66e3-4e41-ba48-82c00b98b575","***","2026-09-18T18:30:42.261Z","529","Welfare Check"
"defa9fda-d011-49a0-94e4-87bf68fc0b07","***","2026-09-18T19:07:08.724Z","287","Wanted Person (Arrest Warrant/Fugitive)"
"b8adac48-582e-4d43-8d3b-8e878f9c289c","***","2026-09-18T19:08:42.144Z","532","Wanted Person (Arrest Warrant/Fugitive)"
"c3dd8ac1-92e8-43ac-b3a1-d4877175b6a8","***","2026-09-18T19:14:33.412Z","287","Financial Crime (Embezzlement/Fraud)"
"75c71436-565b-4c4a-b818-255ea65dc49d","***","2026-09-18T22:09:39.830Z","287","Wanted Person (Arrest Warrant/Fugitive)"
"ecb86399-1d45-46ed-99de-1444db44c812","***","2026-09-18T23:09:28.916Z","530","Drugs/Narcotics"
"521ab09f-f53e-4657-bea5-e78ff8cf4880","***","2026-09-18T23:20:48.267Z","606","Hit and Run/Car Accident"
"691664d9-27a9-441e-a71d-75c815726905","***","2026-09-18T23:59:42.733Z","529","Welfare Check"
"127219c2-3da8-46b1-b31a-1c77a93f0304","***","2026-09-19T00:01:02.228Z","529","Welfare Check"
"cd7aced4-19b6-42fd-9030-d2a4042d6aac","***","2026-09-19T00:08:23.568Z","609","Missing/Endangered Person/Runaway"
"46a3bd26-30cd-484d-b383-e49a2793bf9c","***","2026-09-19T00:17:24.280Z","532","Wanted Person (Arrest Warrant/Fugitive)"
"43138af2-664a-4639-bc3c-2f784a2ee97e","***","2026-09-19T00:28:26.533Z","609","Wanted Person (Arrest Warrant/Fugitive)"
"708cc6dc-9874-40d9-be18-3d04d7845a35","***","2026-09-19T00:49:53.556Z","606","Criminal Motor Vehicle Offense (incl. Road Rage/Reckless)"
"0c7bc4b3-0b0c-4a1e-b68d-6ee44b2ad081","***","2026-09-19T01:28:18.766Z","609","Wanted Person (Arrest Warrant/Fugitive)"
"7677da36-1493-4802-8f1d-5c0d49eae3c4","***","2026-09-19T02:15:31.467Z","530","Drugs/Narcotics"
"7c197002-687c-4fd2-a9be-5ae0c9b134ec","***","2026-09-19T02:33:51.841Z","609","Wanted Person (Arrest Warrant/Fugitive)"
"949a2567-3647-4126-a41f-a52930f29fa6","***","2026-09-19T03:18:52.416Z","606","Obstructing the Police (Fleeing/Eluding)"
"f8c2286a-0c6d-4155-8fe2-8e027f4be54c","***","2026-09-19T03:20:55.852Z","529","Obstructing the Police (Fleeing/Eluding)"
"c776cf27-fdf6-4645-9e62-1589a1d5ab59","***","2026-09-19T03:21:19.104Z","606","Obstructing the Police (Fleeing/Eluding)"
"bc42fc5b-db82-42e0-b035-8e0ad2b8cedc","***","2026-09-19T04:01:14.909Z","606","Obstructing the Police (Fleeing/Eluding)"
"e2ea75f7-b87e-4e06-81aa-b2c9bb8315e1","***","2026-09-19T05:04:40.476Z","606","Obstructing the Police (Fleeing/Eluding)"
"f3ad3799-0aba-4b65-ad4e-256a340b24d1","***","2026-09-19T06:53:14.737Z","606","Obstructing the Police (Fleeing/Eluding)"
"0c4ad143-4c9e-40e9-bce4-7bf5673483cd","***","2026-09-19T07:16:56.454Z","606","Obstructing the Police (Fleeing/Eluding)"
"83d20dac-5e65-4391-b16c-1ae546d070cf","***","2026-09-19T13:28:48.144Z","609","Motor Vehicle Theft/Stolen"
"c6495e56-ac2c-4eab-bdb1-7518f3716ead","***","2026-09-19T14:16:28.987Z","5659","Motor Vehicle Theft/Stolen"
"4d38be5e-fd55-4578-a852-8da391bd0a07","***","2026-09-19T15:28:03.480Z","2","Destruction/Damage/Vandalism of Property"
"9b55004a-8825-4de1-878a-416519981f2d","***","2026-09-19T18:03:48.859Z","606","Destruction/Damage/Vandalism of Property"
"d33f22d7-20bb-4651-8aa4-05adc91af545","***","2026-09-19T18:35:51.824Z","2","Financial Crime (Embezzlement/Fraud)"
"c511a712-7e9d-4f43-879c-8837cb6e26e6","***","2026-09-19T19:02:18.142Z","287","Financial Crime (Embezzlement/Fraud)"
"81bf430a-a290-4e77-9e31-cd0fb7ea4cce","***","2026-09-19T19:20:24.299Z","532","Wanted Person (Arrest Warrant/Fugitive)"
"5b76c746-a8b5-4ab2-9c53-a3ae5c686c7c","***","2026-09-19T19:37:06.262Z","2","Sex Offenses"
"405c72ab-2fc1-44e6-a940-88c9f13410b8","***","2026-09-19T23:39:08.620Z","2","Motor Vehicle Theft/Stolen"
"dfe8edc1-d365-4afe-b8a6-832bcf6c9c66","***","2026-09-20T00:53:27.900Z","2","Larceny/Theft Offenses"
"c032bf46-e74f-4405-bd2b-aca99447c350","***","2026-09-20T01:31:26.366Z","4","Drugs/Narcotics"
"b993090f-fa90-4846-ba5e-073a38677241","***","2026-09-20T01:38:07.651Z","530","Drugs/Narcotics"
"67ea29ca-0315-46d4-a226-d4b2856f1a15","***","2026-09-20T01:47:27.015Z","607","Drugs/Narcotics"
"7ee2745d-1190-4fc6-bac3-4590e29e3335","***","2026-09-20T02:10:57.185Z","607","Drugs/Narcotics"
"e641a643-acac-4b81-9a47-dd61934eaeb8","***","2026-09-20T02:11:45.378Z","530","Drugs/Narcotics"
"01e01cb8-f277-4c7a-8925-949b7974617f","***","2026-09-20T04:19:30.299Z","2","Larceny/Theft Offenses"
"d5e3f488-a077-471b-986f-f241d467d415","***","2026-09-20T05:04:32.697Z","2","Larceny/Theft Offenses"
"a38522bd-4b74-43da-a8ce-6a4785394160","***","2026-09-20T05:11:58.054Z","287","Motor Vehicle Theft/Stolen"
"049bba8c-4f21-48c0-8d46-35d4684ef7bf","***","2026-09-20T05:35:02.112Z","606","Larceny/Theft Offenses"
"7810e984-b9bd-4d09-90cf-1ae01532df81","***","2026-09-20T06:45:36.985Z","530","Drugs/Narcotics"
"a3bf0f70-fdd3-43ff-9138-f32662f8c940","***","2026-09-20T07:19:33.702Z","606","Larceny/Theft Offenses"
"e54b4dde-973a-442f-b27a-55a69d89cdb9","***","2026-09-20T07:40:19.711Z","3","Larceny/Theft Offenses"
"f812634e-72f3-4aaf-b777-316784d6d7d7","***","2026-09-20T07:43:28.111Z","1","Larceny/Theft Offenses"
"47df7f25-8a47-4753-8305-f6ed6636191c","***","2026-09-20T08:00:13.748Z","606","Larceny/Theft Offenses"
"ccf99e24-192e-4ab0-824f-9cab07386f07","***","2026-09-20T08:38:43.004Z","4","Drugs/Narcotics"
"b7361006-9afb-4043-87d0-9bba9e98ec76","***","2026-09-20T13:36:14.312Z","529","Destruction/Damage/Vandalism of Property"
"f6859dcf-ab7d-44ca-b12d-53a9e4a6db0c","***","2026-09-20T14:40:14.137Z","607","Stolen Property Offenses"
"26592c11-fe86-4550-9e7d-832ef413e628","***","2026-09-20T15:05:42.523Z","2","Motor Vehicle Theft/Stolen"
"7285bff0-8ba5-4def-ac13-5c98dd40da07","***","2026-09-20T16:06:34.435Z","609","Motor Vehicle Theft/Stolen"
"85cc8b6e-c5a5-453e-aea3-4f8b557b7a03","***","2026-09-20T17:44:47.427Z","530","Drugs/Narcotics"
"57a492fb-8681-45d3-8196-ddf05f67f399","***","2026-09-20T18:55:31.599Z","609","Motor Vehicle Theft/Stolen"
"906ae4d7-2ac8-4747-a627-a7c76c1d9eac","***","2026-09-20T20:17:04.468Z","609","Wanted Person (Arrest Warrant/Fugitive)"
"4bb3a638-25e4-4b97-8d7e-f607ea922d00","***","2026-09-20T20:59:28.865Z","606","Larceny/Theft Offenses"
"aa12d52c-7dbd-476a-aabc-7e89d58dd6e2","***","2026-09-20T21:14:36.795Z","609","Wanted Person (Arrest Warrant/Fugitive)"
"19533e5c-47e0-4626-b746-e19349c1398f","***","2026-09-20T22:02:15.509Z","532","Wanted Person (Arrest Warrant/Fugitive)"
"f8793403-bc0f-406e-84d0-0abc161c4cfb","***","2026-09-20T22:07:05.864Z","19","Obstructing the Police (Fleeing/Eluding)"
"56cc3790-9634-4f0d-a25f-1a5edc1bda36","***","2026-09-20T22:18:49.399Z","532","Wanted Person (Arrest Warrant/Fugitive)"
"5e5311ae-a2bd-49d9-8485-382ac19e4a37","***","2026-09-20T22:20:25.294Z","609","Motor Vehicle Theft/Stolen"
"c2917b56-5789-4fec-95de-e208c4c16ead","***","2026-09-20T22:23:33.649Z","609","Motor Vehicle Theft/Stolen"
"30d9c0ae-9364-48ae-bc8c-8201aa5d1ba1","***","2026-09-20T22:49:24.281Z","609","Motor Vehicle Theft/Stolen"
"4b192f10-42cd-4f0d-abb6-9f4808360bef","***","2026-09-20T23:00:39.028Z","609","Motor Vehicle Theft/Stolen"
"73dd9a62-1685-4882-85dc-38872f9c5258","***","2026-09-20T23:07:48.906Z","609","Motor Vehicle Theft/Stolen"
"6da0a114-d543-48c1-ba4e-f2cf13643b92","***","2026-09-21T00:04:10.401Z","606","Larceny/Theft Offenses"
"7fffda9c-9e30-45b9-ad8f-de77e7dca06d","***","2026-09-21T00:11:56.275Z","609","Motor Vehicle Theft/Stolen"
"791317c4-b057-4869-a1be-2747067ae0ab","***","2026-09-21T00:33:26.674Z","530","Drugs/Narcotics"
"59fe851a-7211-4af2-9026-9150d46cd0fd","***","2026-09-21T03:12:42.120Z","609","Motor Vehicle Theft/Stolen"
"b70e9a5c-a3cf-4120-a857-fa994a56cbd9","***","2026-09-21T04:33:22.018Z","19","Obstructing the Police (Fleeing/Eluding)"
"b432a1e2-33ee-45ee-8e13-b9c1176ba821","***","2026-09-21T09:50:05.412Z","595","Traffic Infraction"
"c4060c60-9c18-49ff-8cbe-43bac41ffe24","***","2026-09-21T09:52:36.342Z","530","Drugs/Narcotics"
"82bfb471-ce9a-49cd-8b69-f3a217768e92","***","2026-09-21T11:02:55.694Z","607","Sex Offenses"
"a7626ff7-ca2a-4f6c-a615-79cdfcee29d3","***","2026-09-21T11:39:20.293Z","606","Larceny/Theft Offenses"
"3d60f867-0ac5-48bc-91eb-5ae7857ce0c4","***","2026-09-21T11:57:44.157Z","610","Burglary/Breaking & Entering"
"354b9fed-612b-4186-8f52-d44a63ae5000","***","2026-09-21T12:07:13.310Z","608","Burglary/Breaking & Entering"
"0e439d79-1f32-47e4-b6a3-cde1b2ad872d","***","2026-09-21T13:08:12.175Z","2","Sex Offenses"
"63e6cbac-5494-48ae-b27b-d3785786f8ac","***","2026-09-21T13:23:29.143Z","607","Human Trafficking"
"278ec6ed-c8a6-4c42-9355-c26ec21968a3","***","2026-09-21T13:25:02.894Z","4","Destruction/Damage/Vandalism of Property"
"97b1b843-2963-4c4c-8f33-dde7d3fd050d","***","2026-09-21T13:30:56.505Z","606","Stolen Property Offenses"
"618acfa8-dd7a-483b-96d7-ebeb01b28104","***","2026-09-21T14:04:31.714Z","607","Human Trafficking"
"e420a6be-d3e8-47b1-a80c-1da742384742","***","2026-09-21T14:06:51.773Z","1","Destruction/Damage/Vandalism of Property"
"a7e73a05-13e7-4e3b-b740-d8ac7e0c2cdf","***","2026-09-21T14:11:46.087Z","2","Stolen Property Offenses"
"85572f94-b804-4d98-a21f-072a1c8575d4","***","2026-09-21T14:12:25.173Z","287","Financial Crime (Embezzlement/Fraud)"
"c10fa2ec-69df-401d-97f3-92ccb66a5823","***","2026-09-21T14:13:55.149Z","605","Larceny/Theft Offenses"
"bca97d09-2cce-4ce5-8af1-50a0a289b8e8","***","2026-09-21T14:40:08.014Z","8","Welfare Check"
"c72ab612-a6cb-417f-9282-6552f716a6e2","***","2026-09-21T15:16:06.192Z","5654","Human Trafficking"
"06c31e15-93b7-4af7-8f15-0a9194ee00f1","***","2026-09-21T15:35:59.524Z","6","Hit and Run/Car Accident"
"cd2c77dd-b73f-4977-9772-4a28893a8a10","***","2026-09-21T16:01:07.360Z","608","Wanted Person (Arrest Warrant/Fugitive)"
"968bcc4e-019c-4d00-86e7-7630694ea61f","***","2026-09-21T16:17:46.747Z","1","Larceny/Theft Offenses"
"b8729b82-7294-4626-a123-af491fecc17a","***","2026-09-21T16:19:05.070Z","2","Hit and Run/Car Accident"
"41c8961b-a6b3-4ba6-a491-37490e20ac68","***","2026-09-21T16:36:37.322Z","5650","Destruction/Damage/Vandalism of Property"
"a5c709ed-51b0-43ba-9d50-a553baa9ee27","***","2026-09-21T17:04:29.585Z","8","Destruction/Damage/Vandalism of Property"
"588d6cf2-e708-447c-8da8-ee8900a6aee5","***","2026-09-21T17:05:49.018Z","605","Illegal Dumping/Littering"
"5fca7d96-a2fb-4c3f-a5c6-ebd09fa55f4d","***","2026-09-21T17:29:13.599Z","606","Sex Offenses"
"28149d60-d66d-465a-9a5e-a4efd868a527","***","2026-09-21T18:18:01.106Z","592","Traffic Infraction"
"199b8b92-7ee6-4505-960e-40492feb77d6","***","2026-09-21T18:28:21.308Z","608","Wanted Person (Arrest Warrant/Fugitive)"
"740a48bf-dd84-41c1-b480-6597f9b64f0a","***","2026-09-21T18:38:08.155Z","1","Larceny/Theft Offenses"
"cdbb28c8-75db-4921-bbfc-82e4221f1481","***","2026-09-21T18:42:07.421Z","605","Illegal Dumping/Littering"
"1d219cbb-6f91-4d1d-b589-69c9f531d017","***","2026-09-21T19:01:33.532Z","608","Wanted Person (Arrest Warrant/Fugitive)"
"38a02ec9-8cea-4e19-8867-30026e940dfa","***","2026-09-21T19:04:08.574Z","606","Sex Offenses"
"94e4c769-0ffc-4d2d-a389-424db6e295a2","***","2026-09-21T19:04:09.413Z","2","Larceny/Theft Offenses"
"2fa38f40-a154-4900-b9d8-db3e46814c23","***","2026-09-21T19:04:48.588Z","5646","Financial Crime (Embezzlement/Fraud)"
"c15357fb-f101-48d6-b53b-b6980225b5b6","***","2026-09-21T19:05:29.873Z","2","Larceny/Theft Offenses"
"2308728a-d017-42f6-8b67-60215c3a9617","***","2026-09-21T19:06:41.905Z","608","Wanted Person (Arrest Warrant/Fugitive)"
"cf14e4c8-96ec-4592-8314-c5f3342cea90","***","2026-09-21T19:26:10.391Z","609","Weapons Offense (Guns/Shots Fired)"
"361a5c88-4a1e-4d34-b21f-167858b6d895","***","2026-09-21T19:29:00.198Z","605","Driving Under the Influence (DUI/DWI/OWI/OVI)"
"c91d3ad5-1964-4193-bd06-8b9fb79ac9c8","***","2026-09-21T19:47:29.513Z","529","Larceny/Theft Offenses"
"9708f6dd-1187-4589-bb69-e124167a3993","***","2026-09-21T20:00:12.653Z","608","Wanted Person (Arrest Warrant/Fugitive)"
"12afb067-9471-45a7-a3bd-c51d83f8be60","***","2026-09-21T20:03:02.126Z","608","Wanted Person (Arrest Warrant/Fugitive)"
"b65b398e-0b06-4646-b1e2-1c465a25a5a8","***","2026-09-21T20:07:33.245Z","2","Larceny/Theft Offenses"
"4f8444ee-382b-45e1-8fed-7b3733d4b9bb","***","2026-09-21T20:10:10.725Z","606","Sex Offenses"
"0f0df0a5-ed86-4977-b5e5-7a5509689e77","***","2026-09-21T20:15:06.848Z","1","Larceny/Theft Offenses"
"df0ef9f8-b046-45e8-89b7-33d4fdb9020a","***","2026-09-21T20:20:58.518Z","606","Larceny/Theft Offenses"
"05e9634b-1056-45e2-ac2f-6d66678f72ae","***","2026-09-21T20:42:02.967Z","2","Larceny/Theft Offenses"
"1db24250-66a4-46d4-a1bf-9836bd802adf","***","2026-09-21T20:46:44.809Z","530","Drugs/Narcotics"
"c60b8fc5-fe57-49e5-b599-2045f7883c15","***","2026-09-21T21:06:13.955Z","2","Drugs/Narcotics"
"cc3388d3-1799-4f2a-9641-e74eaf2e8f9d","***","2026-09-21T21:41:08.717Z","608","Wanted Person (Arrest Warrant/Fugitive)"
"860b5ce7-82b2-44a2-93c1-e75a1f72768d","***","2026-09-21T22:05:31.703Z","608","Wanted Person (Arrest Warrant/Fugitive)"
"5555c8f2-9c1b-4a8d-a385-827fe060f685","***","2026-09-21T22:21:02.100Z","530","Drugs/Narcotics"
"b0422702-b89f-4b3d-b4e1-2da7134724eb","***","2026-09-21T23:50:27.572Z","605","Larceny/Theft Offenses"
"a44fe972-1107-41db-ba4a-2c2f5be2a6c6","***","2026-09-22T00:06:09.921Z","532","Wanted Person (Arrest Warrant/Fugitive)"
"c0a8f2d6-5395-4911-995d-41b6350771eb","***","2026-09-22T00:19:54.793Z","2","Larceny/Theft Offenses"
"ebac2790-69bc-4c45-9ae3-9d37109c128d","***","2026-09-22T00:24:50.506Z","608","Wanted Person (Arrest Warrant/Fugitive)"
"4566a763-e582-4996-bf95-adcbc207c8af","***","2026-09-22T00:26:05.877Z","606","Sex Offenses"
"fd9e0d24-18da-4c1e-b19f-c0a383b3113e","***","2026-09-22T00:45:31.849Z","605","Larceny/Theft Offenses"
"9d1f5ad1-5f00-401e-9512-bf7271b89e2c","***","2026-09-22T01:43:55.652Z","608","Wanted Person (Arrest Warrant/Fugitive)"
"f424741d-14f7-4509-b09d-74a616e31941","***","2026-09-22T02:26:05.341Z","608","Wanted Person (Arrest Warrant/Fugitive)"
"5970de64-a62f-42d5-afa1-76f936a9438e","***","2026-09-22T03:30:59.002Z","608","Wanted Person (Arrest Warrant/Fugitive)"
"88961b95-b33c-4711-9bcf-4158897800be","***","2026-09-22T05:22:35.911Z","2","Financial Crime (Embezzlement/Fraud)"
"ae9e7dcf-0342-4c8c-a60e-995416b617a8","***","2026-09-22T05:55:39.628Z","532","Wanted Person (Arrest Warrant/Fugitive)"
"1856e386-bebf-4e2b-9ba4-39823b02142a","***","2026-09-22T09:03:44.667Z","605","Child Abuse/Neglect"
"f6875cea-cb20-4b01-a626-74d123b888e1","***","2026-09-22T11:17:53.155Z","608","Motor Vehicle Theft/Stolen"
"3d9aed16-4903-4822-93d9-3aac4baf13f9","***","2026-09-22T11:27:11.481Z","530","Drugs/Narcotics"
"a8a31d54-7492-4d05-90a0-05f6579d8f7f","***","2026-09-22T11:43:45.056Z","606","Sex Offenses"
"969d2cc3-48f5-4ff4-a89d-01a2b11ee87b","***","2026-09-22T11:47:25.471Z","608","Motor Vehicle Theft/Stolen"
"2198c680-824c-44e5-bcd5-5c6e324b9409","***","2026-09-22T12:06:04.979Z","1","Larceny/Theft Offenses"
"56aff438-06d0-467b-a911-708351e8cef0","***","2026-09-22T12:32:35.834Z","605","Illegal Dumping/Littering"
"9d60a323-ba52-47b3-aa25-10396cd2fb63","***","2026-09-22T12:53:39.559Z","608","Motor Vehicle Theft/Stolen"
"50546d77-5bbc-453c-8b05-4ebddabde6da","***","2026-09-22T13:12:03.273Z","5644","Larceny/Theft Offenses"
"6a82e7c5-9440-4662-a6a2-fb8ba0fa95e0","***","2026-09-22T13:23:58.650Z","2",""
"d51ec566-b16e-4837-bf9a-333fc44c152e","***","2026-09-22T14:02:16.070Z","16","Larceny/Theft Offenses"
"51448492-58a4-4c59-8039-8f0caed7c554","***","2026-09-22T14:07:27.619Z","606","Motor Vehicle Theft/Stolen"
"2179de08-4e75-4adf-8501-f69803f97864","***","2026-09-22T14:19:32.940Z","604","Larceny/Theft Offenses"
"b34ce30c-3a92-4971-bfcb-0f591ab2a577","***","2026-09-22T14:26:39.337Z","527","Financial Crime (Embezzlement/Fraud)"
"9a2c9d38-1132-4538-81da-44fdb28aade3","***","2026-09-22T14:28:28.446Z","606","Motor Vehicle Theft/Stolen"
"6d552a92-a03c-4e94-8ea4-b4dafd4eea2f","***","2026-09-22T14:44:48.924Z","604","Sex Offenses"
"288b2d66-b15d-4ef3-a293-4508a4601f9d","***","2026-09-22T15:04:04.297Z","287","Motor Vehicle Theft/Stolen"
"cc3dd199-bdca-4c0c-887e-dfe87bbbd483","***","2026-09-22T15:09:25.929Z","607","Larceny/Theft Offenses"
"b83e2b08-9433-40f1-836b-4e34c6b6d737","***","2026-09-22T15:16:42.755Z","2","Assault/Battery Offenses"
"79420ec0-ced9-420c-b642-0690569cdb05","***","2026-09-22T15:24:39.855Z","287","Larceny/Theft Offenses"
"916c98ee-ec89-44cf-94ca-1ba237357d01","***","2026-09-22T15:28:56.601Z","604","Larceny/Theft Offenses"
"b1d2b222-bd8e-4d91-b275-06fb097bb845","***","2026-09-22T15:29:27.948Z","527","Financial Crime (Embezzlement/Fraud)"
"5ae909a2-d1f4-44a5-895c-c0486dc9985f","***","2026-09-22T15:46:11.456Z","606","Wanted Person (Arrest Warrant/Fugitive)"
"b391fd83-18f3-494a-b9f4-b425b988816d","***","2026-09-22T16:00:07.775Z","5631","Larceny/Theft Offenses"
"24ece958-4e80-415c-b23d-7614f14ec826","***","2026-09-22T16:03:12.127Z","606","Wanted Person (Arrest Warrant/Fugitive)"
"53050829-0674-44b4-a596-35eeb59cfc5b","***","2026-09-22T16:13:14.537Z","5629","Financial Crime (Embezzlement/Fraud)"
"3587c0d5-15ca-4b37-a84b-87eb939a07fd","***","2026-09-22T16:46:11.305Z","603","Assault/Battery Offenses"
"6b08fc60-ae1b-4393-ba58-3a68402f1b35","***","2026-09-22T16:53:44.245Z","1","Assault/Battery Offenses"
"320cba89-251b-4ac6-907b-cb3d54712a3d","***","2026-09-22T17:00:00.254Z","606","Wanted Person (Arrest Warrant/Fugitive)"
"a5034b50-5e35-49e1-9bdc-0a4290145985","***","2026-09-22T17:14:45.578Z","287","Larceny/Theft Offenses"
"38bc633b-de20-4693-afa9-b0ccc28126ee","***","2026-09-22T18:06:49.978Z","528","Drugs/Narcotics"
"54a6dc8d-73ba-4523-9351-a30a371e4cff","***","2026-09-22T18:06:57.537Z","19","Larceny/Theft Offenses"
"3a5298b1-c5bd-4f15-90a4-724407561c3f","***","2026-09-22T18:16:59.987Z","606","Wanted Person (Arrest Warrant/Fugitive)"
"2e6b464b-c856-4fb6-8f47-6cfc3103b627","***","2026-09-22T18:25:38.558Z","2","Financial Crime (Embezzlement/Fraud)"
"6c3c2791-e82d-4b3b-a9c1-5f30629486e5","***","2026-09-22T18:28:32.035Z","606","Motor Vehicle Theft/Stolen"
"e34af590-94ec-4156-89b0-5e2e8d8b0a9f","***","2026-09-22T18:43:39.151Z","528","Drugs/Narcotics"
"3643bec1-2647-4f58-a8dc-866aec85c2ae","***","2026-09-22T19:05:08.301Z","4","Financial Crime (Embezzlement/Fraud)"
"c70aa5a5-6ea7-4aae-94f0-dd82135d0ab2","***","2026-09-22T19:14:41.938Z","604","Larceny/Theft Offenses"
"3ed8dce1-5677-4de5-9911-a387157af0c7","***","2026-09-22T19:24:00.865Z","606","Stolen Property Offenses"
"4b96313f-90ae-44fd-906c-c3d5ce8a000a","***","2026-09-22T19:36:51.661Z","604","Larceny/Theft Offenses"
"7e9a263a-f9b4-4851-a100-6651039fd319","***","2026-09-22T19:44:35.156Z","606","Wanted Person (Arrest Warrant/Fugitive)"
"a6e47e71-4baf-4938-9e79-bad3cb6f8699","***","2026-09-22T19:45:17.722Z","527","Larceny/Theft Offenses"
"b433d00e-e3a4-43b7-bd30-020f944c37b2","***","2026-09-22T20:01:23.015Z","606","Wanted Person (Arrest Warrant/Fugitive)"
"d75acda6-0f7a-4919-b2fe-5882c79cf79e","***","2026-09-22T20:01:43.558Z","1","Criminal Motor Vehicle Offense (incl. Road Rage/Reckless)"
"b7cf9329-fd82-4e50-ad89-d65a4ba31d83","***","2026-09-22T20:07:01.252Z","1","Destruction/Damage/Vandalism of Property"
"e286ac1a-6de9-4330-8ef1-534248a117dd","***","2026-09-22T20:34:03.467Z","2","Larceny/Theft Offenses"
"e27b8c4c-ea71-4d79-8f21-023438f5871c","***","2026-09-22T21:06:17.294Z","606","Wanted Person (Arrest Warrant/Fugitive)"
"8f4995ee-8bab-4d2c-84f8-220bb46b3ff8","***","2026-09-22T21:17:23.276Z","1","Financial Crime (Embezzlement/Fraud)"
"c5baede1-9ea0-49ee-a583-2cd9be9f0868","***","2026-09-22T21:34:42.560Z","528","Drugs/Narcotics"
"73eb9f87-ed2a-4e9f-b935-c89d5bba97d3","***","2026-09-22T22:05:02.279Z","606","Wanted Person (Arrest Warrant/Fugitive)"
"713f6e39-497c-4e4e-b3c9-632cb1d1dfeb","***","2026-09-22T22:50:46.564Z","530","Wanted Person (Arrest Warrant/Fugitive)"
"c16bd88d-cc6a-4af4-9256-0c5ca687860e","***","2026-09-22T22:57:27.336Z","24","Drugs/Narcotics"
"400b72ef-9d0e-46d9-b4a7-555baa2d9887","***","2026-09-22T23:02:20.026Z","603","Financial Crime (Embezzlement/Fraud)"
"5ae12dfb-9039-4865-81b4-641663d33d97","***","2026-09-22T23:19:40.906Z","24","Drugs/Narcotics"
"f8132336-67f1-49c8-9476-9192e24c40af","***","2026-09-22T23:22:50.089Z","606","Wanted Person (Arrest Warrant/Fugitive)"
"140b6218-7ab6-456f-b87f-dacc477d68b3","***","2026-09-22T23:59:49.126Z","530","Wanted Person (Arrest Warrant/Fugitive)"
"2e128832-5b34-442b-9ea7-06adc64f4fdf","***","2026-09-23T00:01:17.274Z","24","Threats/Harassment"
"53b679d2-90ed-4e15-9561-0bac97c3a954","***","2026-09-23T00:05:11.241Z","606","Wanted Person (Arrest Warrant/Fugitive)"
"80dbf7e8-47ed-4386-a40b-60950f48909e","***","2026-09-23T00:15:45.935Z","1","Destruction/Damage/Vandalism of Property"
"622b1064-b47e-4e43-870f-19f741239770","***","2026-09-23T00:34:10.942Z","530","Wanted Person (Arrest Warrant/Fugitive)"
"626febd2-af0c-4f08-8bb2-26405f290a00","***","2026-09-23T01:11:05.406Z","530","Wanted Person (Arrest Warrant/Fugitive)"
"d9a4fafd-ddb8-4fd4-b35e-464576d23760","***","2026-09-23T01:48:36.947Z","1","Destruction/Damage/Vandalism of Property"
"6df4fa73-5706-4139-8d2e-2a5456145a8a","***","2026-09-23T02:19:54.283Z","606","Wanted Person (Arrest Warrant/Fugitive)"
"61b0cd68-cd5f-4e5e-ac30-5418d7172755","***","2026-09-23T02:27:46.987Z","530","Wanted Person (Arrest Warrant/Fugitive)"
"7f7d5251-73ad-42dc-aac7-5f512470afe6","***","2026-09-23T03:03:23.815Z","530","Wanted Person (Arrest Warrant/Fugitive)"
"e2a20e39-1327-4e1c-abb8-21d6b74d2b6d","***","2026-09-23T03:03:42.660Z","606","Wanted Person (Arrest Warrant/Fugitive)"
"4eba42a1-6067-4701-8dbd-3ccd227c7183","***","2026-09-23T04:00:57.913Z","530","Wanted Person (Arrest Warrant/Fugitive)"
"fc6c879a-cc07-4781-b76f-58806abedfd0","***","2026-09-23T05:43:43.821Z","530","Wanted Person (Arrest Warrant/Fugitive)"
"cbe692a7-7bde-4031-a6c2-4556316e93e8","***","2026-09-23T06:14:54.906Z","530","Wanted Person (Arrest Warrant/Fugitive)"
"a3fe7453-228e-4fe0-b3d7-d66d3a13db8d","***","2026-09-23T11:26:18.209Z","604","Sex Offenses"
"08069171-03d4-48c7-be51-508a27b9e3c5","***","2026-09-23T11:46:56.708Z","2","Larceny/Theft Offenses"
"d60ea67b-332e-450f-8535-4f2b42dd3541","***","2026-09-23T11:47:31.612Z","605","Human Trafficking"
"8fa1379d-8de7-48cf-8e95-ca18043890a9","***","2026-09-23T11:50:21.307Z","5630","Motor Vehicle Theft/Stolen"
"7e506795-490f-433f-a49a-df8aa9f18de1","***","2026-09-23T12:01:31.018Z","604","Larceny/Theft Offenses"
"e828c7aa-98c0-45ba-a43f-b5af312d52db","***","2026-09-23T12:11:30.695Z","528","Drugs/Narcotics"
"8f354c83-f7b4-4a51-9b1b-b50dfc8c9d48","***","2026-09-23T12:43:54.142Z","1","Destruction/Damage/Vandalism of Property"
"89e5face-0846-4122-877f-d243e6005be8","***","2026-09-23T12:52:21.257Z","605","Human Trafficking"
"d19f777e-bd5c-449d-932a-d19267be3fdd","***","2026-09-23T13:13:37.049Z","5620","Destruction/Damage/Vandalism of Property"
"5624b033-f0b8-4172-8398-108be79d6266","***","2026-09-23T13:20:03.432Z","604","Drugs/Narcotics"
"09236042-cb79-4060-bec0-c14f68be1c20","***","2026-09-23T13:32:18.987Z","5627","Human Trafficking"
"38095f72-8be8-4c6d-b447-2561206ae830","***","2026-09-23T14:00:35.699Z","1","Destruction/Damage/Vandalism of Property"
"ea77493c-8943-474a-b484-15602ac6bd11","***","2026-09-23T15:17:38.303Z","528","Drugs/Narcotics"
"fe61543b-12e2-4a97-bb7f-61b6a2d0fd6b","***","2026-09-23T15:47:41.346Z","526","Burglary/Breaking & Entering"
"8e71403a-d04c-496c-9f15-8a061f1df614","***","2026-09-23T16:12:57.926Z","601","Financial Crime (Embezzlement/Fraud)"
"ad049f54-9c76-4315-9900-77c9d58555bf","***","2026-09-23T17:10:03.151Z","601","Destruction/Damage/Vandalism of Property"
"ab0e6f05-ce2a-4112-8e7e-94fe4d444b99","***","2026-09-23T17:31:13.056Z","5554","Curfew/Loitering/Vagrancy Violations"
"9bf33fd4-1d32-43eb-a180-b8ce02650040","***","2026-09-23T18:07:57.766Z","603","Human Trafficking"
"fa203bd5-3e36-4f34-8895-4173069e2314","***","2026-09-23T18:09:16.846Z","526","Drugs/Narcotics"
"a05e6516-d836-4b7f-a670-1a7ac00d04e1","***","2026-09-23T18:13:38.528Z","286","Assault/Battery Offenses"
"5a35bfce-9eb2-4bf2-a770-d5336b7d0dcf","***","2026-09-23T18:40:48.883Z","286","Assault/Battery Offenses"
"b6b68c33-9052-4b81-8c0f-5169f8fd1df7","***","2026-09-23T18:42:36.109Z","601","Larceny/Theft Offenses"
"3faac89c-75ce-42aa-9140-d2a6c6663490","***","2026-09-23T19:09:32.617Z","601","Sex Offenses"
"b4a6c486-7cef-4979-b117-7a76b9070255","***","2026-09-23T19:54:47.127Z","286","Assault/Battery Offenses"
"d3bce329-8d42-4cbf-a418-6b8ebdb83b41","***","2026-09-23T20:13:59.900Z","2","Motor Vehicle Theft/Stolen"
"f2891bd0-4f96-49c0-bf04-e87dbfd4dfee","***","2026-09-23T21:40:25.691Z","604","Missing/Endangered Person/Runaway"
"8bcf82e6-15ec-462b-8efd-f842f5fc0a7c","***","2026-09-23T22:01:18.912Z","604","Missing/Endangered Person/Runaway"
"d6974999-cbbc-4de3-a29f-8a0fa8b96124","***","2026-09-23T22:23:36.789Z","286","Kidnapping/Abduction"
"0ff57122-aadf-4fdc-8a05-e0ef0641ce85","***","2026-09-23T22:34:06.710Z","286","Missing/Endangered Person/Runaway"
"35f79ed3-85b0-4df4-a82a-13a205349918","***","2026-09-23T22:35:09.389Z","604","Missing/Endangered Person/Runaway"
"12d4123c-ef37-4746-b6d4-0d01882b7c90","***","2026-09-23T22:35:49.119Z","528","Missing/Endangered Person/Runaway"
"03f21993-f9d3-413f-819d-891b04188369","***","2026-09-23T22:42:28.685Z","604","Motor Vehicle Theft/Stolen"
"e5fc96e4-7f69-46b9-8da5-1600698e1b74","***","2026-09-23T22:56:59.087Z","604","Missing/Endangered Person/Runaway"
"2d8a9c58-9377-447d-bd07-3e2a16396aee","***","2026-09-23T23:01:44.366Z","604","Missing/Endangered Person/Runaway"
"6ddafc66-710e-4e75-828f-06860200b6b3","***","2026-09-23T23:02:06.292Z","604","Kidnapping/Abduction"
"7727f0f2-b16e-4198-8dad-2d37c01ff701","***","2026-09-23T23:03:00.831Z","604","Missing/Endangered Person/Runaway"
"4fb1c303-833f-4e52-8809-e962e5c962c6","***","2026-09-23T23:06:42.743Z","604","Motor Vehicle Theft/Stolen"
"8b574c02-4edf-4823-8a2c-7d7901900f1e","***","2026-09-24T02:39:05.317Z","601","Larceny/Theft Offenses"
"8708108f-84b1-48fe-836e-85859c17695b","***","2026-09-24T03:23:09.992Z","525","Larceny/Theft Offenses"
"ac64e9e0-f67e-49fe-b930-968df7f687da","***","2026-09-24T03:28:07.868Z","601","Larceny/Theft Offenses"
"ff5f6894-196f-4db7-9fa3-dfbe37df6f34","***","2026-09-24T03:42:49.780Z","601","Obstructing the Police (Fleeing/Eluding)"
"7ff5613b-2f74-4867-b440-1d485894121a","***","2026-09-24T04:00:03.822Z","601","Obstructing the Police (Fleeing/Eluding)"
"2767a3f3-e0b2-4785-a915-c8df1579df12","***","2026-09-24T04:06:44.319Z","2","Larceny/Theft Offenses"
"305c3457-16b5-4806-b508-e12f0b25c607","***","2026-09-24T04:13:29.544Z","601","Larceny/Theft Offenses"
"231486ae-48db-4053-875e-f37a79bd0a71","***","2026-09-24T05:08:53.406Z","601","Obstructing the Police (Fleeing/Eluding)"
"f25d88a3-a152-4fd1-9365-1e77f2fd6375","***","2026-09-24T05:11:42.548Z","528","Motor Vehicle Theft/Stolen"
"93f55b4f-9563-49a5-bfac-e7a7e52da666","***","2026-09-24T05:25:46.839Z","528","Motor Vehicle Theft/Stolen"
"b520b6a1-ad88-4ce1-bb58-5dc718d1b0e2","***","2026-09-24T05:28:36.070Z","604","Motor Vehicle Theft/Stolen"
"234ccc54-4893-4b94-88a4-649325e7e6a4","***","2026-09-24T05:53:57.601Z","528","Motor Vehicle Theft/Stolen"
"2843524c-6529-4c72-90d4-6f0aebd9de6e","***","2026-09-24T06:15:46.586Z","601","Larceny/Theft Offenses"
"b8b0dd14-2379-42da-8027-3162107fcd19","***","2026-09-24T10:32:08.001Z","604","Motor Vehicle Theft/Stolen"
"d73edd48-762d-4250-9bdf-b217a421b53c","***","2026-09-24T12:03:11.026Z","2","Destruction/Damage/Vandalism of Property"
"3aa21f04-6e7a-4622-a2a6-90ee1b4789e2","***","2026-09-24T13:10:12.628Z","286","Human Trafficking"
"39b76ae8-528a-4a26-b78f-7d890bc325d1","***","2026-09-24T14:03:23.724Z","19","Weapons Offense (Guns/Shots Fired)"
"20af640a-1179-47d6-abc6-ae3a150c215d","***","2026-09-24T15:33:42.258Z","597","Disorderly Conduct/Disturbance"
"58580f06-1c2b-4685-b465-3ae0e5fe1a94","***","2026-09-24T16:54:47.072Z","286","Burglary/Breaking & Entering"
"4da7d8a0-ad67-47d7-88a9-ed205935e5fb","***","2026-09-24T16:56:58.149Z","601","Welfare Check"
"688d9926-0915-4f28-8995-851c50d2b315","***","2026-09-24T17:06:37.058Z","2","Assault/Battery Offenses"
"9a3de4e5-d92d-4cde-8e30-9e3ad6b93762","***","2026-09-24T17:22:57.625Z","602","Destruction/Damage/Vandalism of Property"
"0c28be89-166d-4c5e-8a3d-68465e33c9a0","***","2026-09-24T17:55:02.718Z","1","Trespass"
"acd75af4-b82e-490b-954f-7a0501c95aee","***","2026-09-24T17:55:25.521Z","2","Financial Crime (Embezzlement/Fraud)"
"80077380-b530-49b3-9eda-b6710cb25fd4","***","2026-09-24T18:56:03.056Z","601","Hit and Run/Car Accident"
"55137e0f-6b92-4e10-9ba3-a5eb9ec573ce","***","2026-09-24T22:37:10.443Z","601","Larceny/Theft Offenses"
"0b845e6a-abed-4ab4-b13e-3e3a5793ceb6","***","2026-09-24T22:51:56.815Z","601","Assault/Battery Offenses"
"133b01e7-f977-4626-9062-1a19e21f72f5","***","2026-09-24T23:04:37.198Z","5","Obstructing the Police (Fleeing/Eluding)"
"3cf71e55-1340-443f-b31a-d396482b6cb9","***","2026-09-24T23:38:46.130Z","525","Larceny/Theft Offenses"
"1dd0d168-dfaf-4359-b6d4-b2e4547859a7","***","2026-09-25T00:15:50.246Z","601","Larceny/Theft Offenses"
"47d6a640-02a4-4f46-a023-721adf739efa","***","2026-09-25T01:03:00.162Z","521","Assault/Battery Offenses (Domestic)"
"8c25845f-01d0-4560-b0bd-f45f91548e0f","***","2026-09-25T02:02:48.403Z","601","Larceny/Theft Offenses"
"58b7bbcd-a4de-43f4-a63d-ba9574a6c7f8","***","2026-09-25T05:59:11.295Z","596","Obstructing the Police (Fleeing/Eluding)"
"5b4d6cf2-a747-46a7-822a-389f85239e96","***","2026-09-25T06:00:12.429Z","596","Obstructing the Police (Fleeing/Eluding)"
"ddf238ff-17de-4cbd-9584-726e039b1fbc","***","2026-09-25T06:08:02.045Z","3","Obstructing the Police (Fleeing/Eluding)"
"19fcf2dd-1904-4b0a-9b1e-7bae010bb728","***","2026-09-25T08:28:34.211Z","597","Assault/Battery Offenses (Domestic)"
"2e360ddb-8286-4641-9577-c5c73eda394e","***","2026-09-25T10:39:27.417Z","602","Drugs/Narcotics"
"d11cecfa-03ec-4631-ab06-65ec7587e671","***","2026-09-25T11:13:58.441Z","596","Obstructing the Police (Fleeing/Eluding)"
"6871e5cc-69fd-463c-80f3-0390d4987488","***","2026-09-25T12:51:45.729Z","601","Hit and Run/Car Accident"
"94cd0b64-8321-4866-af8a-44dcc44aa522","***","2026-09-25T13:49:19.179Z","602","Drugs/Narcotics"
"6c2f10c7-7437-47c8-9474-beb038577251","***","2026-09-25T14:23:18.896Z","516","Disturbing Public Peace/Riot"
"02a9744b-f1a6-4b45-bec8-33503f2b2d26","***","2026-09-25T15:17:10.781Z","601","Counterfeiting/Forgery"
"e53d0dc0-cb32-4176-a261-3610dcc89121","***","2026-09-25T15:34:24.623Z","280","Alcohol Offenses (Non-DUI)"
"f5831285-85cd-4350-9abe-19a841fd35bb","***","2026-09-25T17:15:35.506Z","1","Larceny/Theft Offenses"
"1e8e65f4-f3cb-4573-83bd-7b936625e093","***","2026-09-25T17:46:30.797Z","2",""
"e6747193-2968-4bea-92c8-d3c569e3b601","***","2026-09-25T18:02:53.192Z","600","Counterfeiting/Forgery"
"301f5eb6-3518-46d0-a9c1-79265df549c6","***","2026-09-25T18:11:26.446Z","2","Financial Crime (Embezzlement/Fraud)"
"bdec8f5c-e4c0-45fc-a962-15ff0eff6770","***","2026-09-25T18:11:29.989Z","2",""
"4c83095d-8b2e-4daa-b541-3a31f298ba42","***","2026-09-25T18:38:40.277Z","600","Counterfeiting/Forgery"
"edbe8d9c-57a9-41a1-a2c5-c7a808f6d96c","***","2026-09-25T19:14:03.378Z","601","Burglary/Breaking & Entering"
"eb3ea7f1-bdd7-47db-bd80-4f9f76c1a5cd","***","2026-09-25T19:14:37.694Z","2","Financial Crime (Embezzlement/Fraud)"
"c0750e16-194c-4b38-aa85-97908e05c5e7","***","2026-09-25T19:43:44.197Z","603","Motor Vehicle Theft/Stolen"
"0a402554-6f98-46b4-b300-13deaadec9ce","***","2026-09-25T21:14:29.517Z","603","Wanted Person (Arrest Warrant/Fugitive)"
"2f3dc1cb-52c3-4e35-bbf2-315f035fe4f8","***","2026-09-25T21:25:15.506Z","2",""
"540fde56-3c3e-4490-8ad3-963da068015a","***","2026-09-25T22:41:18.342Z","603","Wanted Person (Arrest Warrant/Fugitive)"
"34b4fc4a-472e-4f9b-adb3-a42c3096b54c","***","2026-09-25T23:06:09.336Z","603","Wanted Person (Arrest Warrant/Fugitive)"
"f52d2690-109d-4b0f-9916-b9e46884f4e6","***","2026-09-26T00:13:01.482Z","2","Financial Crime (Embezzlement/Fraud)"
"2e0fa698-b093-4df8-8110-980156f8d9e2","***","2026-09-26T01:35:16.126Z","1","Counterfeiting/Forgery"
"66b9558f-e92f-413c-a381-d6e8f8e24124","***","2026-09-26T01:35:43.173Z","520","Assault/Battery Offenses (Domestic)"
"958ad23e-9d5a-44f5-8c4d-4a2bbb8dddec","***","2026-09-26T01:37:36.496Z","520","Assault/Battery Offenses (Domestic)"
"f43e1905-bd9e-426e-b3d7-0671bf91b396","***","2026-09-26T01:49:33.793Z","519","Obstructing the Police (Fleeing/Eluding)"
"c4478be2-9b36-4f04-bff0-4e498f8fddea","***","2026-09-26T01:50:47.297Z","513","Alcohol Offenses (Non-DUI)"
"0c2436c9-3478-4c91-8a3f-77d04d0b795c","***","2026-09-26T01:52:37.608Z","596","Assault/Battery Offenses (Domestic)"
"28881248-b596-4020-9147-67d77becaa58","***","2026-09-26T02:03:13.535Z","603","Wanted Person (Arrest Warrant/Fugitive)"
"81203331-374c-44cc-870b-ec069daacdc6","***","2026-09-26T02:58:15.185Z","524","Destruction/Damage/Vandalism of Property"
"5d731ae8-49f2-4c00-ac67-5fdea574dc49","***","2026-09-26T03:00:12.453Z","1","Destruction/Damage/Vandalism of Property"
"e62ef55b-fcf7-45bb-9dc9-38589e3fc1ab","***","2026-09-26T04:50:51.529Z","603","Wanted Person (Arrest Warrant/Fugitive)"
"b4304802-ee40-46b1-870e-2561b26d357f","***","2026-09-26T05:13:49.589Z","603","Wanted Person (Arrest Warrant/Fugitive)"
"b1aa1396-0876-468b-96dc-e9ade7167924","***","2026-09-26T06:06:02.201Z","603","Wanted Person (Arrest Warrant/Fugitive)"
"ab29b895-56d1-48f9-8f9d-80b0238763ce","***","2026-09-26T07:11:06.167Z","603","Wanted Person (Arrest Warrant/Fugitive)"
"3f9c366e-2539-4a72-aa3d-24fb2fe2a288","***","2026-09-26T09:24:39.588Z","601","Drugs/Narcotics"
"da41d6a5-df0c-4128-8b1f-3f7fa730026b","***","2026-09-26T10:03:02.055Z","603","Weapons Offense (Guns/Shots Fired)"
"e3be5ac3-0a13-430a-bd6f-d34e0fcc6dd7","***","2026-09-26T12:48:06.480Z","603","Wanted Person (Arrest Warrant/Fugitive)"
"f54ba41e-fddb-48b5-8c56-0a5eefec86dd","***","2026-09-26T14:07:12.796Z","2","Assault/Battery Offenses (Domestic)"
"e10e53d0-b36c-4c25-8a36-f07f5b8045c5","***","2026-09-26T15:22:19.195Z","603","Wanted Person (Arrest Warrant/Fugitive)"
"0b1d0553-6e4d-4563-9f7a-6de344017a50","***","2026-09-26T15:26:21.609Z","603","Weapons Offense (Guns/Shots Fired)"
"ea0a559e-6cbf-445e-b47e-07c7fc4bf42c","***","2026-09-26T15:41:01.861Z","600","Destruction/Damage/Vandalism of Property"
"95bf5b6e-e91b-4429-b639-b295d857c44b","***","2026-09-26T16:05:40.910Z","600","Larceny/Theft Offenses"
"05c49bc0-6a13-4c3c-8560-f8b6da96e0dd","***","2026-09-26T18:04:06.446Z","584","Traffic Infraction"
"030806cf-253e-41a1-8a0b-3ec87da2b3ef","***","2026-09-26T18:19:45.279Z","595","Welfare Check"
"028229d3-89de-493e-97c4-3cceb182ff9f","***","2026-09-26T18:27:21.444Z","27","Missing/Endangered Person/Runaway"
"5cce0bc4-00d5-4a5b-aeb6-dc3a58ad0ab8","***","2026-09-26T19:16:08.632Z","600","Larceny/Theft Offenses"
"5552266f-975d-425e-84bb-b46a1ca9d724","***","2026-09-26T19:20:45.808Z","4","Hit and Run/Car Accident"
"afd4b115-d996-4346-a798-44e362cd4677","***","2026-09-26T19:56:59.143Z","600","Destruction/Damage/Vandalism of Property"
"174988f2-a69b-4bb9-ab18-16bb45c853d1","***","2026-09-26T20:38:52.997Z","3","Destruction/Damage/Vandalism of Property"
"a65d7400-f7a9-4eb6-8ce2-476f69c43692","***","2026-09-26T21:06:50.007Z","603","Wanted Person (Arrest Warrant/Fugitive)"
"e28578f8-fe5b-4ed6-a44e-20c07f6b4bbf","***","2026-09-26T21:19:30.300Z","589","Alcohol Offenses (Non-DUI)"
"cb3d8cef-74c4-473a-92f7-61c6167f3c7e","***","2026-09-26T22:02:23.316Z","603","Wanted Person (Arrest Warrant/Fugitive)"
"e96671ff-ba17-44ba-8475-57b85c8061c1","***","2026-09-26T22:02:26.036Z","589","Alcohol Offenses (Non-DUI)"
"9cf9d7a4-0276-456a-aaa9-6f203bd76c11","***","2026-09-26T23:31:32.675Z","519","Obstructing the Police (Fleeing/Eluding)"
"ed6b9a3f-f86b-438b-bbf3-196f0b3d32b5","***","2026-09-27T00:04:19.350Z","3","Destruction/Damage/Vandalism of Property"
"03eb7f21-9678-472c-bdbe-27ca60d65dde","***","2026-09-27T01:00:03.837Z","3","Destruction/Damage/Vandalism of Property"
"061dbf69-148c-475b-9ce2-102f960e16ff","***","2026-09-27T01:43:21.852Z","24","Assault/Battery Offenses"
"7dc6c2bb-7292-4a20-9c10-880cc9b1d9a5","***","2026-09-27T01:45:10.253Z","524","Assault/Battery Offenses"
"b29ad8f2-6fdc-4aac-b994-e6d849269f47","***","2026-09-27T02:00:13.691Z","524","Assault/Battery Offenses"
"01505195-f7b0-412c-bef2-7b60403f2f98","***","2026-09-27T02:03:34.370Z","595","Welfare Check"
"46576fe9-a533-4317-a450-0c91f04249d3","***","2026-09-27T05:11:11.627Z","527","Motor Vehicle Theft/Stolen"
"ed106c54-ec76-40f6-954b-7a3aee710f18","***","2026-09-27T05:56:32.394Z","527","Motor Vehicle Theft/Stolen"
"2b87ae0d-8acb-4e38-812c-00beca118bb4","***","2026-09-27T06:00:05.117Z","527","Motor Vehicle Theft/Stolen"
"74820ab8-fe77-4f2a-a863-6b0648da5222","***","2026-09-27T06:22:17.017Z","1","Assault/Battery Offenses"
"f9cf44b6-c882-48a1-bb1e-dea5541f6699","***","2026-09-27T07:04:44.191Z","2","Destruction/Damage/Vandalism of Property"
"d68e543c-47d9-4298-9276-48e1f212172a","***","2026-09-27T12:39:11.399Z","600","Larceny/Theft Offenses"
"025f17ed-6ffd-4d46-ae36-ec0e6b763bdc","***","2026-09-27T12:42:35.959Z","525","Stolen Property Offenses"
"d2ff7327-510b-4701-9484-4cea5f0997d6","***","2026-09-27T13:00:34.314Z","5605","Larceny/Theft Offenses"
"2fc12754-7985-48c7-adb7-94131b5fe49a","***","2026-09-27T13:28:55.171Z","603","Motor Vehicle Theft/Stolen"
"c9729359-5c44-4eea-aa8b-6115812b54d1","***","2026-09-27T16:10:47.660Z","5605","Larceny/Theft Offenses"
"5fe72ed1-5a6a-4aae-8b45-1921a9247df2","***","2026-09-27T16:22:50.293Z","603","Motor Vehicle Theft/Stolen"
"7368e471-7fcb-4236-a914-3883ee29684a","***","2026-09-27T16:42:35.557Z","600","Larceny/Theft Offenses"
"ed591693-050d-430c-a6da-b8727be4558b","***","2026-09-27T17:30:01.927Z","1","Hit and Run/Car Accident"
"18f7707e-2953-4571-9460-530ab0e74ec7","***","2026-09-27T19:10:23.705Z","5605","Assault/Battery Offenses"
"07a84d53-1675-4bd0-9b7d-caa3166b460e","***","2026-09-27T20:00:22.190Z","524","Larceny/Theft Offenses"
"1b90d93b-e138-4c8f-a41a-51c8f0f0b842","***","2026-09-27T22:21:27.368Z","524","Larceny/Theft Offenses"
"ceeead39-2dbf-4b4b-81d7-ea272afe4f9c","***","2026-09-28T00:57:58.638Z","1","Larceny/Theft Offenses"
"b07eef1a-acbe-4899-9b10-8f1e802be172","***","2026-09-28T01:30:29.179Z","196","Wanted Person (Arrest Warrant/Fugitive)"
"2cc07134-75f4-4d92-b856-a7c7dc6f4beb","***","2026-09-28T04:46:08.961Z","527","Motor Vehicle Theft/Stolen"
"b3d85296-2d6f-49ef-9d16-bc135c970e20","***","2026-09-28T04:47:09.431Z","19","Motor Vehicle Theft/Stolen"
"cd65a8b9-67a2-4952-8347-3dae51650107","***","2026-09-28T05:07:55.813Z","527","Motor Vehicle Theft/Stolen"
"6b79bbfb-77e2-40bd-9ad3-1588d6844163","***","2026-09-28T05:26:40.167Z","19","Motor Vehicle Theft/Stolen"
"0dd544ab-065e-48f2-b7c4-d32ff33c0a1a","***","2026-09-28T06:23:56.170Z","527","Motor Vehicle Theft/Stolen"
"34b28f9c-80ea-4263-a7de-d9458e751314","***","2026-09-28T06:29:24.123Z","527","Motor Vehicle Theft/Stolen"
"0e4b5af3-f34f-4320-a26e-ecdff9d8eb6c","***","2026-09-28T10:41:06.980Z","524","Larceny/Theft Offenses"
"35490076-bff6-4eb0-b7d7-42f7517e9d82","***","2026-09-28T11:20:47.285Z","524","Larceny/Theft Offenses"
"2be3a1b4-d31b-4b51-90e2-be7d3c4c8d98","***","2026-09-28T12:17:36.994Z","601","Larceny/Theft Offenses"
"5a94f258-321c-45d6-b69e-7f921020e36d","***","2026-09-28T13:38:45.044Z","2","Larceny/Theft Offenses"
"567f7440-5efe-4279-8ac6-b7c686f57ffe","***","2026-09-28T13:47:20.348Z","527","Wanted Person (Arrest Warrant/Fugitive)"
"aaaed1c8-7401-4b66-9486-d253c1ec2761","***","2026-09-28T14:00:40.257Z","19","Larceny/Theft Offenses"
"0e8fb557-c5c5-4dde-91a1-298dee9de233","***","2026-09-28T14:31:48.536Z","600","Larceny/Theft Offenses"
"62603085-ce4e-4dc9-9684-266b47989b21","***","2026-09-28T14:50:09.213Z","4","Larceny/Theft Offenses"
"6a7058ad-9861-4f91-a8ee-be2d2373ca7c","***","2026-09-28T14:57:27.117Z","600","Larceny/Theft Offenses"
"1b01a2a4-42b6-4b98-bde5-7be49b76475a","***","2026-09-28T15:09:04.606Z","600","Larceny/Theft Offenses"
"3c3da98c-259e-4fdf-80d9-c409f5651714","***","2026-09-28T15:36:04.604Z","285","Larceny/Theft Offenses"
"6b7bc458-769e-4f67-a7fe-e072d29e1b7b","***","2026-09-28T16:03:03.510Z","285","Larceny/Theft Offenses"
"1efecfaa-8961-4dfe-b751-e1d399622da5","***","2026-09-28T16:14:12.870Z","194","Alcohol Offenses (Non-DUI)"
"85ebb734-669a-496f-8da4-7e6d97550d82","***","2026-09-28T16:19:44.720Z","5602","Larceny/Theft Offenses"
"7fd83f68-b94d-48ff-999a-e7102d86f14c","***","2026-09-28T16:22:51.882Z","600","Larceny/Theft Offenses"
"c688954c-e04a-48db-8711-6bbe7f419a1b","***","2026-09-28T17:01:27.765Z","600","Larceny/Theft Offenses"
"10a03e92-a1f5-4fea-af65-c6325674fd56","***","2026-09-28T17:39:36.124Z","2","Larceny/Theft Offenses"
"7f8d4ea2-89e7-4a04-8bbc-29c26bb638fd","***","2026-09-28T17:58:54.150Z","525","Burglary/Breaking & Entering"
"19598bec-3afe-4da8-b0db-f92c83bb65a0","***","2026-09-28T18:03:42.788Z","600","Larceny/Theft Offenses"
"d451c420-8902-419c-89d0-82882ce72814","***","2026-09-28T18:05:38.433Z","525","Burglary/Breaking & Entering"
"b8d4d9d5-13f3-4e09-bf8f-ca19e781308b","***","2026-09-28T18:11:04.151Z","513","Alcohol Offenses (Non-DUI)"
"cb14793f-c958-4f56-ace1-ae57812938e8","***","2026-09-28T18:19:18.599Z","2","Larceny/Theft Offenses"
"dc81a897-d776-46d8-8fbb-333804a1dda2","***","2026-09-28T18:46:57.670Z","525","Drugs/Narcotics"
"2c8fa0cf-3b70-4498-94f0-99d97c39fc2e","***","2026-09-28T18:47:01.894Z","525","Drugs/Narcotics"
"452c841b-1c5f-4772-b97a-b964e1507d8e","***","2026-09-28T19:13:01.952Z","2","Stolen Property Offenses"
"b656ac38-3d45-4414-81f3-3cf5dc498f15","***","2026-09-28T19:14:41.168Z","527","Wanted Person (Arrest Warrant/Fugitive)"
"c37a22f3-e4a5-4f95-ae62-6c17ecdf3dfe","***","2026-09-28T19:15:39.843Z","1","Larceny/Theft Offenses"
"8c1d922b-befb-48dc-896e-193fd91de4d5","***","2026-09-28T19:16:51.469Z","513","Alcohol Offenses (Non-DUI)"
"5af34ee0-45e8-4bf0-a1ad-d593c7aeab6d","***","2026-09-28T19:17:29.776Z","525","Drugs/Narcotics"
"ac884426-af74-402b-b5b4-5023483f7203","***","2026-09-28T20:17:01.273Z","527","Wanted Person (Arrest Warrant/Fugitive)"
"212c5031-5b2e-4e10-bace-6c59193eef8a","***","2026-09-28T20:26:34.829Z","525","Drugs/Narcotics"
"b75cb614-36a9-4dcc-b1f2-9f7deff1a358","***","2026-09-28T20:53:40.096Z","5598","Larceny/Theft Offenses"
"5c70d026-05b5-490c-9c9a-be974a098375","***","2026-09-28T21:00:49.863Z","525","Drugs/Narcotics"
"2215c6c9-f295-475c-af22-50ac211cd356","***","2026-09-28T21:49:34.860Z","525","Drugs/Narcotics"
"c7c77cdc-70b1-4743-b5d3-829fe7651326","***","2026-09-28T22:21:19.514Z","525","Drugs/Narcotics"
"2e4d0e13-d065-45da-b82d-5c58f3f2784a","***","2026-09-28T22:46:21.863Z","600","Destruction/Damage/Vandalism of Property"
"ffc3ccf5-897c-4856-a7af-5744336a0f46","***","2026-09-28T23:19:52.303Z","600","Destruction/Damage/Vandalism of Property"
"28ea3294-1b34-4005-a67c-b179d5f6cdee","***","2026-09-28T23:23:30.092Z","600","Destruction/Damage/Vandalism of Property"
"2401e554-8bb9-4847-8103-00d1ea9ccb78","***","2026-09-28T23:50:55.247Z","525","Drugs/Narcotics"
"847c6b37-39bb-465b-92df-c81c20ad59b6","***","2026-09-29T01:05:06.078Z","525","Drugs/Narcotics"
"1770fb27-92a2-4437-9710-97994cb045b7","***","2026-09-29T02:58:57.305Z","525","Drugs/Narcotics"
"66141cd5-ac4b-40e9-8bab-2a6d5dc36795","***","2026-09-29T03:25:44.733Z","600","Destruction/Damage/Vandalism of Property"
"4e710b2b-bbfe-4287-b7ea-762f8deb5fc6","***","2026-09-29T05:07:52.987Z","527","Motor Vehicle Theft/Stolen"
"99e44b00-7fa0-4754-8f96-50086e804881","***","2026-09-29T05:07:59.425Z","527","Motor Vehicle Theft/Stolen"
"b48385d0-b6cc-4242-8f9d-046d2c70eb2c","***","2026-09-29T05:08:11.402Z","524","Larceny/Theft Offenses"
"9174f47f-1189-4f7d-8654-9bc9509b1b63","***","2026-09-29T05:08:54.567Z","595","Obstructing the Police (Fleeing/Eluding)"
"d405d9c9-df0c-4fbb-a407-b58d4222d327","***","2026-09-29T05:12:15.507Z","19","Motor Vehicle Theft/Stolen"
"0c8592a5-88d2-4673-8596-c7131649c5e6","***","2026-09-29T05:14:13.495Z","2","Motor Vehicle Theft/Stolen"
"0bae54e3-ebee-425b-bd9b-2deba9b211c6","***","2026-09-29T05:22:38.446Z","600","Larceny/Theft Offenses"
"82f6dec2-3dd2-4649-b3c4-9f8e5116f3c7","***","2026-09-29T05:25:44.606Z","527","Motor Vehicle Theft/Stolen"
"d87207ce-bc46-4f32-ac0d-abf3a49bb131","***","2026-09-29T06:13:29.874Z","595","Obstructing the Police (Fleeing/Eluding)"
"39b73d35-ffc0-4d62-a388-57c8d957066e","***","2026-09-29T11:29:03.728Z","525","Drugs/Narcotics"
"df7beddf-1815-40be-bffd-d4d5267a93c5","***","2026-09-29T12:01:42.864Z","600","Financial Crime (Embezzlement/Fraud)"
"ba0b69d9-faeb-40f6-93cf-1acc748db02e","***","2026-09-29T12:23:12.865Z","1","Destruction/Damage/Vandalism of Property"
"6dcad7c0-90c4-4aa3-bf54-51caaad00651","***","2026-09-29T12:31:50.718Z","600","Hit and Run/Car Accident"
"9a7e7ae8-2c02-4ca4-9470-7f8ca50647de","***","2026-09-29T12:40:34.462Z","527","Wanted Person (Arrest Warrant/Fugitive)"
"8e337180-d742-4b95-b20b-02f4e8234e64","***","2026-09-29T12:54:38.915Z","603","Human Trafficking"
"b8e23d01-b98f-4974-ab18-bd6268690ea6","***","2026-09-29T13:00:33.820Z","603","Human Trafficking"
"a6a77ccb-18d5-4c0a-a5c6-fffab0bb039d","***","2026-09-29T13:21:05.338Z","601","Destruction/Damage/Vandalism of Property"
"caf7a95d-eb42-4ce7-a292-28864036ba1f","***","2026-09-29T14:15:37.224Z","600","Hit and Run/Car Accident"
"129a53fc-50e6-4985-b36e-b5844c239230","***","2026-09-29T14:26:21.944Z","527","Wanted Person (Arrest Warrant/Fugitive)"
"ccd65459-eea3-44c0-9b6f-d02116001a7d","***","2026-09-29T14:31:23.633Z","1","Destruction/Damage/Vandalism of Property"
"f6d14889-97d5-44d8-bec4-3fdebb017840","***","2026-09-29T14:52:27.341Z","601","Larceny/Theft Offenses"
"13544b23-bb61-4106-b8f1-74c52bf895d5","***","2026-09-29T15:00:34.008Z","5585","Destruction/Damage/Vandalism of Property"
"dc65fd9d-632b-4b28-b481-7074bfe4c729","***","2026-09-29T15:10:26.010Z","527","Wanted Person (Arrest Warrant/Fugitive)"
"672a41f9-3ef3-4c03-892f-59e397ae6e9f","***","2026-09-29T15:16:12.106Z","525","Drugs/Narcotics"
"daaac390-32b5-4dbb-bdde-e8d01c22fc30","***","2026-09-29T15:31:07.446Z","589","Alcohol Offenses (Non-DUI)"
"b9cd010e-b571-4a46-b08b-42bdae276e41","***","2026-09-29T16:00:16.841Z","1","Destruction/Damage/Vandalism of Property"
"68a1705b-565c-4899-a7d4-7d8c8581f074","***","2026-09-29T16:09:18.016Z","2","Human Trafficking"
"617a0220-3517-4092-aeb1-d58d53785896","***","2026-09-29T16:11:13.970Z","525","Drugs/Narcotics"
"4867965f-3236-4a98-ba96-9c524807e7e5","***","2026-09-29T16:22:26.604Z","1","Destruction/Damage/Vandalism of Property"
"93149399-1e27-4ee5-8fff-42533c105ba6","***","2026-09-29T17:07:26.741Z","5577","Destruction/Damage/Vandalism of Property"
"a576af99-27b5-4ab8-a733-56fd12612463","***","2026-09-29T17:21:35.832Z","527","Wanted Person (Arrest Warrant/Fugitive)"
"af1c50ff-6222-4808-9546-89ae58546d36","***","2026-09-29T17:26:34.747Z","1","Human Trafficking"
"59f44480-1bc2-4129-83b2-a0afd8f0cceb","***","2026-09-29T17:56:55.315Z","600","Destruction/Damage/Vandalism of Property"
"f023817b-a7bc-46b3-a79f-d12025bc6cdd","***","2026-09-29T18:00:59.605Z","525","Drugs/Narcotics"
"308427ce-183c-4044-8539-d9e8ded2e9c0","***","2026-09-29T18:48:37.314Z","527","Wanted Person (Arrest Warrant/Fugitive)"
"504e9c5e-662d-473e-930c-e0a1299823ac","***","2026-09-29T18:54:29.069Z","525","Drugs/Narcotics"
"bcb094b7-fd58-4a43-aeff-f3785340ff83","***","2026-09-29T19:06:00.757Z","11","Destruction/Damage/Vandalism of Property"
"29c9a62f-30ce-48da-a22a-3cbba9aa8878","***","2026-09-29T19:07:41.785Z","600","Hit and Run/Car Accident"
"fef9f97c-093b-4108-94b4-47adab41dcc7","***","2026-09-29T19:10:57.690Z","527","Wanted Person (Arrest Warrant/Fugitive)"
"92d9971d-1131-430d-beb1-224b05293e4d","***","2026-09-29T19:35:08.907Z","1","Destruction/Damage/Vandalism of Property"
"831754f1-8904-4301-b365-be825c417fc6","***","2026-09-29T19:37:01.786Z","600","Sex Offenses"
"5fa36f46-2757-4382-aee4-84b75ecb90c3","***","2026-09-29T20:03:16.468Z","1","Destruction/Damage/Vandalism of Property"
"4d103f61-ed0c-4a71-be5a-e88adbc4dd59","***","2026-09-29T20:19:45.896Z","2","Larceny/Theft Offenses"
"f7e4c912-a74d-4e74-8d74-92968a0610a1","***","2026-09-29T22:05:48.329Z","524","Drugs/Narcotics"
"d7e58d5a-d197-4947-9637-ddfc1578b2e6","***","2026-09-29T23:25:18.561Z","524","Drugs/Narcotics"
"d6daf8ac-57d9-454b-a092-110e9077d28b","***","2026-09-29T23:57:32.501Z","2","Weapons Offense (Guns/Shots Fired)"
"73701ac1-825e-4dfa-bcf7-3bc68e29c9c5","***","2026-09-30T02:00:58.494Z","595","Assault/Battery Offenses (Domestic)"
"ebd7d442-0310-4d78-aa10-166b0c370cc4","***","2026-09-30T02:05:14.189Z","595","Assault/Battery Offenses (Domestic)"
"c94ae96f-c7b5-46f4-9f6a-df7e95f88aa3","***","2026-09-30T02:09:31.667Z","285","Assault/Battery Offenses"
"f1ceb56d-2897-438c-9f76-9de141d7fb15","***","2026-09-30T02:14:06.411Z","602","Missing/Endangered Person/Runaway"
"0b11bdcc-7220-4c7c-b3af-7dd7a820a22f","***","2026-09-30T03:00:34.834Z","595","Assault/Battery Offenses (Domestic)"
"4985bbc5-3513-4b4e-ad44-00303ba2b5f2","***","2026-09-30T04:00:40.011Z","595","Assault/Battery Offenses (Domestic)"
"743278d0-3710-4965-8d8c-c36b9a9db4a3","***","2026-09-30T04:23:01.514Z","283","Welfare Check"
"9f52411f-3f50-450f-bd8a-1187cc44ec90","***","2026-09-30T07:15:46.174Z","595","Assault/Battery Offenses (Domestic)"
"51a340d2-4047-4eef-8940-c647d7294c66","***","2026-09-30T09:39:12.075Z","595","Assault/Battery Offenses (Domestic)"
"00b7c0d2-37c3-4c02-a352-ccc81e652532","***","2026-09-30T11:48:40.652Z","5572","Larceny/Theft Offenses"
"f32ea12d-9cd4-4d77-92c0-7b7fe4edc75d","***","2026-09-30T13:23:30.903Z","286","Missing/Endangered Person/Runaway"
"1b8042dd-6750-4cd6-b871-e622657b08c3","***","2026-09-30T14:01:53.333Z","286","Missing/Endangered Person/Runaway"
"6b80928f-caaa-4b3e-8ab9-3d61dc2cfc0d","***","2026-09-30T14:02:37.704Z","286","Missing/Endangered Person/Runaway"
"733da030-e24a-4d0f-9fa5-5ac1cee5adf5","***","2026-09-30T14:19:00.040Z","522","Destruction/Damage/Vandalism of Property"
"78d0bb7f-a325-4468-873d-336d4fbcd16b","***","2026-09-30T14:44:06.707Z","602","Missing/Endangered Person/Runaway"
"0ff7c0a0-bc02-4cee-a408-abb23fc87a32","***","2026-09-30T15:04:46.053Z","602","Missing/Endangered Person/Runaway"
"30b90150-25d5-449e-8cbe-ecdd2f9d7967","***","2026-09-30T15:07:34.554Z","286","Missing/Endangered Person/Runaway"
"32a60eb0-552c-4b55-9037-67503dd80f48","***","2026-09-30T15:23:08.033Z","523","Larceny/Theft Offenses"
"a2eea610-59b7-420f-9e1a-801f8b0c3307","***","2026-09-30T15:24:02.354Z","526","Missing/Endangered Person/Runaway"
"ba8a5dad-91d3-466f-9dcb-2b8b2682a574","***","2026-09-30T15:24:12.576Z","592","Welfare Check"
"7fad55b2-6581-4185-b463-385f0c56481a","***","2026-09-30T15:24:28.785Z","602","Missing/Endangered Person/Runaway"
"f2431ced-3968-4839-802b-13475328771f","***","2026-09-30T15:31:10.300Z","602","Missing/Endangered Person/Runaway"
"3087322b-1770-450f-a3c5-5e967dd9c7b5","***","2026-09-30T16:09:58.447Z","60","Larceny/Theft Offenses"
"d9d48949-26d6-4750-9e4f-16503d0c9ff0","***","2026-09-30T16:57:50.808Z","5550","Human Trafficking"
"f8017658-9466-4135-947f-4e627e5f25c1","***","2026-09-30T16:58:09.741Z","602","Missing/Endangered Person/Runaway"
"5ac73718-7b96-4a3d-86bd-b37fe1f23cab","***","2026-09-30T17:02:05.957Z","602","Missing/Endangered Person/Runaway"
"ba801110-de6e-427a-a65d-9304a1f7bd4d","***","2026-09-30T18:03:50.508Z","602","Missing/Endangered Person/Runaway"
"a2286118-7142-467c-aea1-aba6fe6e8b0f","***","2026-09-30T18:35:19.673Z","1","Larceny/Theft Offenses"
"ffdce425-6050-479a-9dee-d3445ecfa3ce","***","2026-09-30T18:48:58.679Z","592","Welfare Check"
"61a038d2-d683-4690-b78f-1cdde9962192","***","2026-09-30T19:39:41.736Z","602","Wanted Person (Arrest Warrant/Fugitive)"
"df00592e-f40e-4622-a1d8-af29754f24f6","***","2026-09-30T20:22:46.997Z","2","Larceny/Theft Offenses"
"21c9e1e9-d2e9-4775-bd01-143f70312bd1","***","2026-09-30T22:35:56.622Z","602","Motor Vehicle Theft/Stolen"
"72e7f614-6bb6-4171-a479-82a54a56924c","***","2026-09-30T22:39:03.905Z","526","Motor Vehicle Theft/Stolen"
"5bb1303f-f179-4a2f-98a5-a68f90d8e24a","***","2026-10-01T00:33:33.861Z","524","Drugs/Narcotics"
"62cf848b-28b4-4449-b23d-f90328c0335b","***","2026-10-01T01:35:04.188Z","526","Weapons Offense (Guns/Shots Fired)"
"32488fb0-c8a7-4c0e-8f98-1ccb11fb0089","***","2026-10-01T02:10:28.327Z","2","Assault/Battery Offenses (Domestic)"
"4206161a-5f2f-4d98-a86c-ca5bf986536d","***","2026-10-01T02:14:24.072Z","602","Motor Vehicle Theft/Stolen"
"bc38cf42-39ba-4e0f-8877-5cd5ddda1761","***","2026-10-01T03:06:41.743Z","602","Motor Vehicle Theft/Stolen"
"0f44c737-6cdb-4ebf-af2c-bb6fe1394598","***","2026-10-01T04:21:46.324Z","602","Motor Vehicle Theft/Stolen"
"06062bc5-e718-446f-a216-6b15e35ff42d","***","2026-10-01T06:19:39.183Z","602","Motor Vehicle Theft/Stolen"
"16c17feb-3cd1-439d-8b19-6088ad3d366d","***","2026-10-01T06:49:53.451Z","2","Motor Vehicle Theft/Stolen"
"c287d4c8-af36-41c5-8130-ecae080a18ad","***","2026-10-01T06:51:56.706Z","2","Motor Vehicle Theft/Stolen"
"433979be-906a-487a-a23f-095860f47b42","***","2026-10-01T07:00:11.778Z","602","Motor Vehicle Theft/Stolen"
"69515397-16dd-4fbd-8b42-d4477e86f99d","***","2026-10-01T08:20:01.146Z","602","Motor Vehicle Theft/Stolen"
"e3ce1ac9-c992-46ae-8365-06cc87875c62","***","2026-10-01T09:12:48.554Z","602","Motor Vehicle Theft/Stolen"
"03a0b285-554b-4d8b-99b1-3902c91b4fef","***","2026-10-01T09:28:55.426Z","286","Larceny/Theft Offenses"
"cdfe3c50-2e8b-4056-a011-e368584f005f","***","2026-10-01T10:40:44.961Z","286","Larceny/Theft Offenses"
"1bb28cc6-c781-48e5-8ca8-7986161b3348","***","2026-10-01T11:57:54.417Z","5525","Stolen Property Offenses"
"7f137a12-d305-4d66-be87-a38d37c5e1e9","***","2026-10-01T13:22:55.930Z","1","Traffic Infraction"
"5d35ce9f-70bc-4de9-b8d6-d367e1d6c0c7","***","2026-10-01T13:41:51.953Z","60","Larceny/Theft Offenses"
"f6777b1e-b4c4-4d5f-8180-af22baa035c5","***","2026-10-01T13:55:52.580Z","600","Human Trafficking"
"4a13e6eb-d03c-4527-b03f-dcdfe73efc47","***","2026-10-01T14:16:16.073Z","60","Larceny/Theft Offenses"
"9e755d37-aeb1-40a3-add8-82dc95f431d0","***","2026-10-01T14:46:51.824Z","577","Traffic Infraction"
"c0863d9b-6cf2-4e51-bd2a-cdedc8bb885c","***","2026-10-01T14:49:10.604Z","599","Larceny/Theft Offenses"
"715909b9-5725-4a92-bc4b-bab3890f1222","***","2026-10-01T14:53:36.821Z","597","Destruction/Damage/Vandalism of Property"
"96951d90-3dec-4c6f-bae4-f55e5b351c13","***","2026-10-01T15:02:57.339Z","196","Larceny/Theft Offenses"
"e744ae5b-09ad-4fb5-8bfa-48c93afedb2b","***","2026-10-01T15:05:05.027Z","286","Larceny/Theft Offenses"
"7dab8ca9-1f08-4a52-b401-76ea4a809cec","***","2026-10-01T15:20:21.217Z","1","Larceny/Theft Offenses"
"06b4447b-94f3-4c64-b69f-0ef70c8a91af","***","2026-10-01T15:59:46.171Z","597","Destruction/Damage/Vandalism of Property"
"d80cf9c9-485d-4b14-ad9e-0c97170471ac","***","2026-10-01T16:00:03.191Z","1","Destruction/Damage/Vandalism of Property"
"9e8a7f39-0d7a-4104-ad51-5532d877c1e4","***","2026-10-01T16:35:44.745Z","5520","Financial Crime (Embezzlement/Fraud)"
"de0769dd-1469-4632-9252-6a83ad577372","***","2026-10-01T16:45:04.612Z","2","Pornography/Obscene Material"
"c3589672-cded-4e52-aae6-d9452c0d1212","***","2026-10-01T16:47:36.426Z","2","Human Trafficking"
"96e01e94-588d-4386-9f48-41a3934d1540","***","2026-10-01T16:57:00.779Z","2","Wanted Person (Arrest Warrant/Fugitive)"
"8bcfecab-87f0-4f9b-97ec-a9b44bf4c09c","***","2026-10-01T17:00:11.049Z","601","Wanted Person (Arrest Warrant/Fugitive)"
"b0c4a872-161f-4003-b38a-051438f16d73","***","2026-10-01T17:30:53.741Z","1","Destruction/Damage/Vandalism of Property"
"4e35f147-4da4-4831-8f85-83cfcce47cfb","***","2026-10-01T17:52:48.517Z","597","Destruction/Damage/Vandalism of Property"
"05a48919-89f3-4b52-803d-7e3eedec9531","***","2026-10-01T18:15:17.171Z","282","Welfare Check"
"77fae4e2-e22d-412a-a519-ad9387056487","***","2026-10-01T18:25:31.247Z","597","Financial Crime (Embezzlement/Fraud)"
"669d0de7-fcac-4243-9d03-02d0c79dd207","***","2026-10-01T19:02:27.169Z","11","Stolen Property Offenses"
"52dd1d90-d441-4b55-b685-fb624475cff3","***","2026-10-01T19:22:43.805Z","589","Pornography/Obscene Material"
"17e21e84-c4f0-499b-afbb-13d58357cdca","***","2026-10-01T20:25:17.708Z","591","Welfare Check"
"7c58d2bb-346d-4097-b591-e2df6a058b81","***","2026-10-01T20:30:01.640Z","515","Welfare Check"
"0113ab8d-0c00-4af2-918a-a27412505785","***","2026-10-01T20:33:14.456Z","601","Missing/Endangered Person/Runaway"
"c2ee0f90-5685-46af-a42b-813d44e7fac1","***","2026-10-01T21:06:30.303Z","598","Burglary/Breaking & Entering"
"cf2dd9f2-0a32-4b70-b363-619fa4b88849","***","2026-10-01T21:29:29.078Z","591","Welfare Check"
"8fa3e936-0416-4e3a-bc9f-3f98f3ae3964","***","2026-10-01T22:16:12.477Z","577","Traffic Infraction"
"a2e5dabf-9527-441c-8fe9-0e507051cdac","***","2026-10-01T23:40:14.846Z","285","Wanted Person (Arrest Warrant/Fugitive)"
"6e38c70c-888d-4437-a610-a7533ec07297","***","2026-10-02T00:08:42.982Z","285","Wanted Person (Arrest Warrant/Fugitive)"
"5e8c8c02-4d44-48fe-b59c-d62104d270ee","***","2026-10-02T00:36:29.169Z","601","Motor Vehicle Theft/Stolen"
"96b2c9eb-2a6e-429c-b7a2-ed734a8a4d68","***","2026-10-02T01:00:58.761Z","285","Wanted Person (Arrest Warrant/Fugitive)"
"11a2d623-9419-4d3a-807d-daaec168b364","***","2026-10-02T01:54:35.911Z","2","Burglary/Breaking & Entering"
"be9695a6-e0be-4486-8421-d9c6cc8ec2b0","***","2026-10-02T02:05:07.485Z","285","Wanted Person (Arrest Warrant/Fugitive)"
"abd411cb-2f11-437d-a93f-5cc204efc1f0","***","2026-10-02T04:40:56.169Z","285","Wanted Person (Arrest Warrant/Fugitive)"
"3e3bb42c-58ae-4856-ae4d-37cde883c837","***","2026-10-02T05:04:47.608Z","285","Wanted Person (Arrest Warrant/Fugitive)"
"f9970291-3937-4343-81f7-e5cd6331e2a9","***","2026-10-02T05:10:12.083Z","3","Destruction/Damage/Vandalism of Property"
"96946fdb-5d64-49f4-9efc-170fd722bbe2","***","2026-10-02T06:58:14.841Z","525","Motor Vehicle Theft/Stolen"
"12de395e-b6ba-4c01-9b97-8f3b65e9e08c","***","2026-10-02T07:00:31.728Z","525","Motor Vehicle Theft/Stolen"
"b75b9bc7-396a-4325-a7be-4f7fc354b6f5","***","2026-10-02T07:01:13.709Z","601","Motor Vehicle Theft/Stolen"
"6e4e4bfc-1dc1-460e-aa6f-da26a375a659","***","2026-10-02T07:02:06.457Z","522","Stolen Property Offenses"
"8275f17d-bf7c-445e-90ef-b707da815298","***","2026-10-02T08:23:28.495Z","2","Motor Vehicle Theft/Stolen"
"54a08c8b-8ab2-49d1-82f0-ebe0caae6e71","***","2026-10-02T10:35:48.805Z","5510","Child Abuse/Neglect"
"fd5d8f94-7b8f-457c-88d2-c3eb25cbd826","***","2026-10-02T13:23:13.428Z","283","Animal Offenses (cruelty/neglect)"
"f0a83992-9d20-4de2-b5cd-32a04a1cf45a","***","2026-10-02T13:31:38.613Z","2","Destruction/Damage/Vandalism of Property"
"77773dce-9030-4d75-8c92-cf489879bcaf","***","2026-10-02T14:09:21.810Z","5497","Destruction/Damage/Vandalism of Property"
"1a268945-603c-41a3-9736-5fb6fa83048c","***","2026-10-02T14:15:10.273Z","283","Animal Offenses (cruelty/neglect)"
"ee8cf97a-5f33-4421-9781-e56266d7622f","***","2026-10-02T15:02:00.991Z","2","Destruction/Damage/Vandalism of Property"
"940839b0-1bc5-40c9-a3b1-38b850df212d","***","2026-10-02T15:19:31.387Z","598","Stolen Property Offenses"
"97019aa8-a206-411d-a32d-e3885606f8be","***","2026-10-02T15:29:07.447Z","5512","Motor Vehicle Theft/Stolen"
"a5f0c7c6-cc3a-466a-8e19-b7d06f67ccc9","***","2026-10-02T15:47:30.560Z","5494","Threats/Harassment"
"8703aa9c-f54f-4d5d-84c1-d5f9e6076d22","***","2026-10-02T16:11:05.593Z","60","Motor Vehicle Theft/Stolen"
"0dc9f14a-7f21-4e33-bcce-62a172d22b5b","***","2026-10-02T17:54:25.762Z","285","Wanted Person (Arrest Warrant/Fugitive)"
"526a8220-79e3-4305-94b5-db188726422d","***","2026-10-02T17:58:24.718Z","19","Motor Vehicle Theft/Stolen"
"d7967d17-dc0a-42e5-a29f-1d3108ff6c7e","***","2026-10-02T18:00:40.831Z","19","Motor Vehicle Theft/Stolen"
"d7ba74a0-e627-4213-ac5c-32bde0400846","***","2026-10-02T18:20:47.154Z","523","Drugs/Narcotics"
"3022b739-40d8-4f8f-b06e-1068064d490a","***","2026-10-02T18:36:02.087Z","285","Wanted Person (Arrest Warrant/Fugitive)"
"b90db7fc-3aa7-4093-a913-ba68d5b51a24","***","2026-10-02T18:44:58.106Z","599","Larceny/Theft Offenses"
"3ed00e62-bd27-49e5-b788-b07d47dcf7d6","***","2026-10-02T19:07:54.848Z","19","Motor Vehicle Theft/Stolen"
"d0a906e0-f8e2-40ce-8820-409c429a05c8","***","2026-10-02T19:26:27.242Z","285","Wanted Person (Arrest Warrant/Fugitive)"
"40abadc8-8f8c-4ded-b811-081ccc797df8","***","2026-10-02T20:14:21.224Z","4","Motor Vehicle Theft/Stolen"
"061568a2-2c65-4f94-9a83-2bf664f37398","***","2026-10-02T20:14:46.748Z","285","Wanted Person (Arrest Warrant/Fugitive)"
"dfaf7dd5-bdd3-4fe9-9799-3c7acb338738","***","2026-10-02T20:20:35.897Z","598","Stolen Property Offenses"
"768692c3-3be4-45ab-8a9c-96630de1769d","***","2026-10-02T21:05:27.415Z","5497","Larceny/Theft Offenses"
"8ad4d37c-d845-462f-a3d4-0ff537ab4cfd","***","2026-10-02T22:45:29.461Z","598","Hit and Run/Car Accident"
"6c8ba5de-1933-4e66-940a-5fcac9515091","***","2026-10-03T00:49:39.850Z","2","Welfare Check"
"e0648f2a-1073-4ff0-8fa8-82a5af63ff4d","***","2026-10-03T02:33:44.841Z","592","Obstructing the Police (Fleeing/Eluding)"
"a397bf9b-6026-4a22-b64c-cabb2c0df7b9","***","2026-10-03T02:53:11.115Z","601","Missing/Endangered Person/Runaway"
"2886c1a9-7e1d-45ce-9cc5-d47abeadd1ce","***","2026-10-03T03:01:15.801Z","592","Obstructing the Police (Fleeing/Eluding)"
"0e8cf341-35cc-4b9c-bd04-06ff974ce508","***","2026-10-03T03:55:11.208Z","522","Larceny/Theft Offenses"
"823dbf33-979e-4f30-b0a6-99f93930e642","***","2026-10-03T04:08:43.881Z","592","Obstructing the Police (Fleeing/Eluding)"
"5d984a02-068a-4fb7-ae37-75b93369285e","***","2026-10-03T08:24:35.233Z","601","Weapons Offense (Guns/Shots Fired)"
"008433c7-5ee8-454e-97e8-8c95221bd1eb","***","2026-10-03T13:16:34.986Z","598","Hit and Run/Car Accident"
"2d96afad-139f-442e-aa31-a95111b99523","***","2026-10-03T13:43:25.734Z","525","Wanted Person (Arrest Warrant/Fugitive)"
"c9edd220-2f54-4260-815e-63e53089306d","***","2026-10-03T18:00:06.169Z","598","Hit and Run/Car Accident"
"f11438bf-e528-4136-acf6-dad30e6cf359","***","2026-10-03T19:26:13.234Z","2","Hit and Run/Car Accident"
"0f7e78f9-9c1c-469b-9336-556a5a65856b","***","2026-10-03T20:18:03.372Z","4","Hit and Run/Car Accident"
"3cb1cd54-f71c-48fa-aba0-52a0dbc105de","***","2026-10-03T21:08:46.728Z","601","Weapons Offense (Guns/Shots Fired)"
"f85ee9e6-a7a7-41c4-9554-606118d611ff","***","2026-10-03T21:16:51.467Z","525","Weapons Offense (Guns/Shots Fired)"
"6b207c2b-10ac-4c96-83d8-d8c1d5878e63","***","2026-10-03T23:53:24.588Z","1","Weapons Offense (Guns/Shots Fired)"
"5ff51e25-db22-46ed-aa09-0a64bea49fb4","***","2026-10-04T00:01:38.702Z","2","Weapons Offense (Guns/Shots Fired)"
"6d42801c-a721-4f20-8c52-de8e617a4068","***","2026-10-04T00:31:10.259Z","9","Motor Vehicle Theft/Stolen"
"5e1e265c-26e3-4b7a-bd2e-46f2eb9ff9eb","***","2026-10-04T00:50:25.338Z","284","Assault/Battery Offenses"
"b3f64ca0-a7d5-4813-8648-1bfbf5f37414","***","2026-10-04T00:50:40.746Z","597","Assault/Battery Offenses"
"530f2b5e-5b93-482d-a50d-77cfc91caabb","***","2026-10-04T01:02:38.393Z","597","Assault/Battery Offenses"
"2d4f7b34-e758-4883-b108-4b57402c9f1b","***","2026-10-04T03:12:04.524Z","19","Drugs/Narcotics"
"0d130373-0193-44d2-a155-9eabc52c59e0","***","2026-10-04T03:18:26.075Z","9","Motor Vehicle Theft/Stolen"
"90015a84-e69e-4ea4-b3df-25f18f54ae47","***","2026-10-04T04:21:11.819Z","9","Motor Vehicle Theft/Stolen"
"323f9585-7b6c-41f2-badd-2f9577574930","***","2026-10-04T05:13:04.834Z","19","Motor Vehicle Theft/Stolen"
"0d77282c-9670-4c0e-907a-c9bc11c0d9f6","***","2026-10-04T06:24:09.097Z","518","Assault/Battery Offenses (Domestic)"
"80a45d9b-2ed2-4f74-8fb5-a3586c2d2b87","***","2026-10-04T10:31:48.171Z","9","Motor Vehicle Theft/Stolen"
"1a67e73d-ec77-4476-b0c8-94876429496a","***","2026-10-04T11:45:53.408Z","1","Destruction/Damage/Vandalism of Property"
"de2bbf45-8cd1-4629-8ea3-1e2702c2c7f0","***","2026-10-04T12:00:06.838Z","1","Destruction/Damage/Vandalism of Property"
"fed05a7f-c975-4b1e-9c4b-fb6cb10d47b4","***","2026-10-04T21:35:24.070Z","522","Larceny/Theft Offenses"
"2b14a584-be28-436b-acf0-99d9ae5d4168","***","2026-10-05T00:14:21.167Z","597","Threats/Harassment"
"3500efeb-8c68-404a-9b38-0de5ec797e97","***","2026-10-05T01:08:52.500Z","523","Drugs/Narcotics"
"78a2238b-f2c4-4a89-b882-25179c433e38","***","2026-10-05T10:57:27.568Z","599","Human Trafficking"
"b82d1a89-7abc-4945-8dbd-44effb6dc0ae","***","2026-10-05T11:40:29.759Z","5497","Larceny/Theft Offenses"
"6d3ae539-f84f-401f-8634-391b8a880192","***","2026-10-05T12:22:08.545Z","5495","Financial Crime (Embezzlement/Fraud)"
"15fbecd6-6c2b-4538-ab62-c72e574fea16","***","2026-10-05T12:34:02.052Z","60","Larceny/Theft Offenses"
"ee27f314-d00b-4ae8-841c-809f5b5ec285","***","2026-10-05T12:47:59.923Z","286","Larceny/Theft Offenses"
"5a509355-bac6-4c0f-96f9-ce8aa123883f","***","2026-10-05T13:00:17.032Z","19","Larceny/Theft Offenses"
"b5bcdc82-9683-4013-bcc6-db61216cd04d","***","2026-10-05T13:23:26.371Z","2",""
"62e61ce1-e6e5-431f-92f9-53603305dfdb","***","2026-10-05T13:35:28.524Z","601","Robbery"
"d4fa1ac2-6e8c-486a-bf0e-39c33066fa4f","***","2026-10-05T13:49:31.507Z","286","Larceny/Theft Offenses"
"bee4d870-77b2-4e8b-baab-664687f5560c","***","2026-10-05T13:50:49.524Z","523","Drugs/Narcotics"
"c3e35551-93b5-461a-adfc-50462ef865e1","***","2026-10-05T13:50:53.185Z","285","Robbery"
"ebb28430-0244-48e6-b242-c7629d22e28c","***","2026-10-05T13:57:08.510Z","601","Robbery"
"b20c32a1-4907-4cf0-a81e-dbbf745a62cf","***","2026-10-05T14:00:47.130Z","523","Drugs/Narcotics"
"1a1e4804-2111-4fe7-b42e-98f9d6101b6f","***","2026-10-05T14:02:38.907Z","285","Robbery"
"630a52f0-4779-4d90-869c-2b768f2da632","***","2026-10-05T14:03:49.494Z","598","Burglary/Breaking & Entering"
"f4c7d521-65bc-4d40-9daa-9397d65f9c10","***","2026-10-05T14:04:40.486Z","601","Robbery"
"e1fd07e2-74c8-418c-a6e6-63692ace5db5","***","2026-10-05T14:10:24.106Z","598","Larceny/Theft Offenses"
"7306e659-25ea-410e-b817-39c10c480f8d","***","2026-10-05T14:14:12.879Z","599","Burglary/Breaking & Entering"
"827662a0-dc42-4d48-b5b0-1675db342d92","***","2026-10-05T14:50:33.537Z","599","Larceny/Theft Offenses"
"07259137-bd02-4cba-b49b-0657e9f2e5cc","***","2026-10-05T15:00:03.328Z","522","Larceny/Theft Offenses"
"e3001fb8-6d4f-4123-9f8d-0ccbf9884159","***","2026-10-05T15:01:35.377Z","2","Larceny/Theft Offenses"
"fe3eb26c-867d-4198-a300-51519110791e","***","2026-10-05T15:06:11.756Z","599","Larceny/Theft Offenses"
"8064bd02-e03b-42ae-a28f-143387c44a42","***","2026-10-05T15:08:35.954Z","523","Larceny/Theft Offenses"
"079d3877-5563-4aca-9257-09cde9f61afb","***","2026-10-05T15:10:28.514Z","285","Robbery"
"4e65ac68-1167-4fcb-a6bf-62ff2dfa8cdf","***","2026-10-05T16:52:46.619Z","599","Larceny/Theft Offenses"
"d6ecf219-1071-4d4b-9557-32aa585740fb","***","2026-10-05T17:15:32.417Z","522","Larceny/Theft Offenses"
"4c41efda-b515-413d-b801-e509fc133879","***","2026-10-05T17:31:06.935Z","601","Wanted Person (Arrest Warrant/Fugitive)"
"25d0f96b-b21c-40e9-bda1-e0f9489d0906","***","2026-10-05T17:41:06.026Z","592","Obstructing the Police (Fleeing/Eluding)"
"0d02c969-9af3-44f0-a32a-dae94139609b","***","2026-10-05T17:45:31.993Z","575","Traffic Infraction"
"b4063f80-f44c-4c52-957c-3ac7abeeae87","***","2026-10-05T17:56:10.782Z","6","Larceny/Theft Offenses"
"9db8495c-8e86-4405-897e-2d7c74b68a47","***","2026-10-05T18:47:26.948Z","1","Destruction/Damage/Vandalism of Property"
"1cfb17d8-6b5b-4174-a126-98b86f3b4bcd","***","2026-10-05T19:25:46.846Z","523","Drugs/Narcotics"
"0b2191f0-4da8-47f2-9355-f1accf78e3b6","***","2026-10-05T19:48:31.253Z","595","Indecent Exposure/Lewd"
"ac642312-47d0-4510-9df6-76839214088b","***","2026-10-05T20:00:00.330Z","5484","Indecent Exposure/Lewd"
"1fb6113c-6bd3-4a3c-b969-475f2cb6cdd2","***","2026-10-05T20:01:47.011Z","598","Larceny/Theft Offenses"
"89a3b771-10e6-4589-a136-0ba1cf0f1955","***","2026-10-05T20:30:30.067Z","2","Illegal Dumping/Littering"
"9b235586-dc43-4f29-a2e9-11ec11bb0b5a","***","2026-10-05T20:31:02.043Z","598","Larceny/Theft Offenses"
"cc03e0c8-9898-441f-a5b8-bea9c97871c9","***","2026-10-05T21:08:36.829Z","522","Larceny/Theft Offenses"
"0fa65ec4-cc03-47d3-88cc-969d4bc20913","***","2026-10-05T21:55:34.550Z","523","Drugs/Narcotics"
"0a9df6cd-7ee7-4914-8388-39c455f7152e","***","2026-10-05T21:57:22.782Z","523","Drugs/Narcotics"
"63112838-78fd-4026-8b0b-4dc6cfed0f7c","***","2026-10-05T22:06:17.936Z","522","Larceny/Theft Offenses"
"0d5178cf-45d6-4f82-b55f-6d12b3958624","***","2026-10-05T22:41:02.604Z","523","Drugs/Narcotics"
"ab9750b8-bbd3-4624-83cd-1c85c8fad11d","***","2026-10-05T23:15:14.183Z","523","Drugs/Narcotics, Wanted Person (Arrest Warrant/Fugitive)"
"32f38476-146d-48d9-9bc7-fa66041a1bb3","***","2026-10-05T23:15:44.732Z","523","Drugs/Narcotics"
"4710acf2-b8de-479d-aa25-11f4af6c8db9","***","2026-10-05T23:17:47.668Z","1","Financial Crime (Embezzlement/Fraud)"
"303b2d1a-27c7-4284-a844-bb323e5a03c3","***","2026-10-05T23:24:53.294Z","525","Weapons Offense (Guns/Shots Fired)"
"32ad6bfe-83be-4be1-994b-30e13c2bb049","***","2026-10-06T05:30:36.314Z","25","Financial Crime (Embezzlement/Fraud)"
"6cd2cc46-3e49-41b9-b192-722da69ab526","***","2026-10-06T11:57:21.271Z","60","Larceny/Theft Offenses"
"172c0f52-4d08-40f1-99f7-1b942ed81236","***","2026-10-06T12:10:03.031Z","61","Burglary/Breaking & Entering"
"100ad974-7e34-43c7-af80-c234d4754bf4","***","2026-10-06T12:40:25.063Z","521","Financial Crime (Embezzlement/Fraud)"
"61086c55-6be2-4891-9189-f78ccf2129e1","***","2026-10-06T13:08:35.101Z","521","Financial Crime (Embezzlement/Fraud)"
"b7d93f60-b5c0-4954-97aa-aa9ec826ba99","***","2026-10-06T13:15:29.414Z","600","Burglary/Breaking & Entering"
"c2416171-007f-4f39-9691-27e39cfbc4d5","***","2026-10-06T13:44:53.905Z","523","Drugs/Narcotics"
"b79b04bd-27ab-49cf-b146-c937217adf67","***","2026-10-06T14:06:18.186Z","2","Financial Crime (Embezzlement/Fraud)"
"e7f2cf95-e0da-4223-8774-88f0850d0ac2","***","2026-10-06T14:23:11.762Z","1","Destruction/Damage/Vandalism of Property"
"83045390-e4bd-4644-817f-b5dab9129ad9","***","2026-10-06T15:06:07.945Z","601","Motor Vehicle Theft/Stolen"
"8f726c73-c6c5-49d7-8fdd-19fb4d62f736","***","2026-10-06T15:07:31.618Z","601","Motor Vehicle Theft/Stolen"
"d4b0f66c-5f2b-44ac-9072-f54b0774ee30","***","2026-10-06T15:07:44.252Z","601","Motor Vehicle Theft/Stolen"
"8c277121-efb0-472a-8710-5d9ec983fad8","***","2026-10-06T15:24:45.236Z","523","Drugs/Narcotics"
"7f163698-42f3-4e52-b952-cb2db133bf5f","***","2026-10-06T16:12:51.403Z","1","Hit and Run/Car Accident"
"5cf3ac01-692a-4eed-be95-c9108c974b66","***","2026-10-06T16:27:15.654Z","591","Welfare Check"
"a8ca49af-669c-4087-9680-7c435b2dcae0","***","2026-10-06T16:34:34.111Z","1","Destruction/Damage/Vandalism of Property"
"0a7a101c-a5c6-4454-8801-7cdac367764d","***","2026-10-06T16:54:47.056Z","598","Larceny/Theft Offenses"
"ae2b336e-059a-490e-81fa-e91eb08d7c19","***","2026-10-06T16:56:46.127Z","1","Burglary/Breaking & Entering"
"dee83f38-3d32-4239-91b7-23e7d2749655","***","2026-10-06T17:08:28.470Z","597","Destruction/Damage/Vandalism of Property"
"99550204-3240-427b-94f1-a6043800d9ab","***","2026-10-06T17:37:13.026Z","500","Traffic Infraction"
"21dda214-6c74-4e1d-afa0-ac2e20b5c0bb","***","2026-10-06T18:27:22.460Z","598","Larceny/Theft Offenses"
"b8acab85-2931-43a6-b464-ea54bfccd342","***","2026-10-06T18:43:23.968Z","1","Disorderly Conduct/Disturbance"
"ac89693e-8fd2-44bf-8908-fbeccba0d186","***","2026-10-06T19:05:14.199Z","19","Burglary/Breaking & Entering"
"9dce3f4d-a1c9-448b-a8b8-d2f311de153d","***","2026-10-06T19:10:13.235Z","598","Larceny/Theft Offenses"
"66dc999b-df3d-4bc0-8626-72221e550e96","***","2026-10-06T19:28:00.409Z","2","Disorderly Conduct/Disturbance"
"8d2db57d-e144-4bc8-a795-48442b3451f6","***","2026-10-06T19:49:39.213Z","17","Burglary/Breaking & Entering"
"2fe124f0-4bde-4d99-b7f3-ac37d0c6fa62","***","2026-10-06T20:00:31.405Z","19","Burglary/Breaking & Entering"
"1b2cecad-b01b-4d7c-b2c4-6680bb34800d","***","2026-10-06T20:07:57.935Z","5480","Burglary/Breaking & Entering"
"d7672deb-36a2-43ac-a67a-fd62d29ab356","***","2026-10-06T20:27:28.942Z","598","Larceny/Theft Offenses"
"fc363e85-aafa-44ba-8ddc-df202e8b816c","***","2026-10-06T20:29:04.989Z","1","Financial Crime (Embezzlement/Fraud)"
"50358456-8b01-4ac3-b35b-e24479c16480","***","2026-10-06T22:11:23.608Z","2","Larceny/Theft Offenses"
"c7256c87-5120-42ab-97bb-7c791868b175","***","2026-10-06T22:50:48.891Z","523","Drugs/Narcotics"
"d55f7b90-8a15-4d26-aa6b-26793af91383","***","2026-10-06T23:19:57.165Z","523","Drugs/Narcotics"
"c59f78ad-e97e-44e6-8ac7-508e54195210","***","2026-10-06T23:20:12.472Z","589","Welfare Check"
"785a7c97-17ad-4aac-bdde-ce602482f423","***","2026-10-06T23:29:18.438Z","601","Missing/Endangered Person/Runaway"
"d56981c0-7728-4f2b-a92c-d084ec6dfa95","***","2026-10-07T00:08:19.415Z","524","Burglary/Breaking & Entering"
"058c18ae-4d91-49e8-a978-011b33d8630c","***","2026-10-07T00:18:44.714Z","2","Motor Vehicle Theft/Stolen"
"5057df12-1259-4971-b2f5-9dbcd4991f15","***","2026-10-07T00:42:48.895Z","2","Assault/Battery Offenses (Domestic)"
"1c5780fd-90e8-4a2e-8838-84017e769195","***","2026-10-07T00:46:13.012Z","523","Drugs/Narcotics"
"e782be74-54f4-4e11-b0f9-9ff6894f7147","***","2026-10-07T01:25:13.720Z","27","Stolen Property Offenses"
"2a86c7f6-c1dc-427e-8512-b72db6056144","***","2026-10-07T02:33:49.908Z","589","Welfare Check"
"b2f4d33a-bd34-4348-8ad8-8cbed44afa68","***","2026-10-07T02:44:32.832Z","601","Missing/Endangered Person/Runaway"
"9c454b87-e512-49ef-af27-0c1698b6975f","***","2026-10-07T03:13:10.202Z","601","Missing/Endangered Person/Runaway"
"0ba87aa7-9f2c-4b1d-8f5a-c7b176b3229a","***","2026-10-07T04:35:05.917Z","5","Assault/Battery Offenses (Domestic)"
"b25c8026-a1b2-41d0-b553-842e01264e45","***","2026-10-07T04:57:37.899Z","601","Missing/Endangered Person/Runaway"
"ab08f3f4-9f5e-422f-ac56-7808a34f47d6","***","2026-10-07T04:57:40.459Z","589","Welfare Check"
"73c71d95-7529-47c2-8ecb-9e00740a7438","***","2026-10-07T06:36:28.130Z","601","Missing/Endangered Person/Runaway"
"03520c2d-d432-4c3e-bfed-9f739801d8a3","***","2026-10-07T07:21:10.577Z","601","Missing/Endangered Person/Runaway"
"12f302f5-10bc-4bdc-9296-d3f305d7e6e2","***","2026-10-07T12:22:39.116Z","600","Human Trafficking"
"66e21bbd-991a-4df7-8c8d-46cff6dd4ef8","***","2026-10-07T12:53:09.584Z","5453","Burglary/Breaking & Entering"
"b8840ccb-ca90-48d0-adb6-a6b99d73a448","***","2026-10-07T12:55:07.712Z","594","Assault/Battery Offenses (Domestic)"
"5e25d13b-301c-4148-9023-e7edf9d75b87","***","2026-10-07T13:00:57.862Z","600","Human Trafficking"
"db061168-6c2e-4c66-a4b7-d6b6a575d5d0","***","2026-10-07T13:15:54.512Z","594","Assault/Battery Offenses (Domestic)"
"032c5209-ea02-4d97-9160-90361d3ea195","***","2026-10-07T13:25:07.158Z","601","Wanted Person (Arrest Warrant/Fugitive)"
"d9855d61-0527-4aeb-afc5-8263fa213651","***","2026-10-07T13:28:52.797Z","512","Prostitution"
"ea611bbd-7934-40d2-b699-0e6c616a58d1","***","2026-10-07T13:35:10.416Z","600","Burglary/Breaking & Entering"
"fc320c70-d98b-4efe-bb77-c901626dbd4c","***","2026-10-07T14:46:30.602Z","2","Hit and Run/Car Accident"
"03a0cf23-7fe8-4336-836f-fda2f7c9e769","***","2026-10-07T14:47:14.832Z","601","Wanted Person (Arrest Warrant/Fugitive)"
"ce336733-8f35-44a2-a577-74d780e0f8c8","***","2026-10-07T15:22:40.197Z","522","Larceny/Theft Offenses"
"54b3f6e0-7b68-4e34-b507-333746f5b4c5","***","2026-10-07T15:47:00.638Z","523","Drugs/Narcotics"
"cbb86e71-5594-4203-9df9-01b95819e58a","***","2026-10-07T16:55:10.368Z","599","Wanted Person (Arrest Warrant/Fugitive)"
"2dfc4054-86a4-4cbe-b505-979a8b918816","***","2026-10-07T17:06:26.277Z","283","Wanted Person (Arrest Warrant/Fugitive)"
"ccda4079-e0c5-4b06-96bd-c69c38b1b358","***","2026-10-07T17:31:22.526Z","283","Hit and Run/Car Accident"
"864ac322-64c6-415d-8390-2c86f425d8dc","***","2026-10-07T18:20:30.307Z","283","Wanted Person (Arrest Warrant/Fugitive)"
"9e8d67d7-8688-4e20-b72f-d136f0946ab0","***","2026-10-07T18:55:06.214Z","283","Hit and Run/Car Accident"
"a2704852-982e-49cd-a084-e222a64f122a","***","2026-10-07T18:56:29.836Z","280","Welfare Check"
"a15bb7b7-b514-4381-96ff-346508774ec5","***","2026-10-07T19:05:02.470Z","283","Wanted Person (Arrest Warrant/Fugitive)"
"032d930a-a211-48c3-8e35-c1d49179d0c7","***","2026-10-07T19:13:48.453Z","5435","Missing/Endangered Person/Runaway"
"68aa0d22-6dcd-411d-9fbc-72ae070d29e5","***","2026-10-07T19:19:37.632Z","519","Larceny/Theft Offenses"
"1864c14f-8de7-4a4c-bab6-72671cc25e20","***","2026-10-07T19:22:42.741Z","595","Larceny/Theft Offenses"
"d7be0e02-801b-4889-8e1f-88e547d07042","***","2026-10-07T21:10:57.312Z","283","Wanted Person (Arrest Warrant/Fugitive)"
"fb72a92a-e473-4d42-9eab-02c4da7ae03e","***","2026-10-07T21:14:38.569Z","503","Alcohol Offenses (Non-DUI)"
"ada4a914-db4c-4bf3-9a24-2429ef4bb909","***","2026-10-07T21:59:37.193Z","597","Burglary/Breaking & Entering"
"ba829e9a-2537-4978-9c16-272d4ee2b8e3","***","2026-10-07T23:47:27.207Z","521","Motor Vehicle Theft/Stolen"
"462bb363-feac-4a2e-8fee-0b5f303cbe83","***","2026-10-07T23:51:54.971Z","19","Motor Vehicle Theft/Stolen"
"3502021f-889f-4c75-8f45-2a2ff06c95da","***","2026-10-08T00:12:41.404Z","1","Destruction/Damage/Vandalism of Property"
"4c08d509-ff37-4a6d-9b3e-496bbefbf974","***","2026-10-08T00:23:53.729Z","589","Obstructing the Police (Fleeing/Eluding)"
"4992fbd8-443c-4eca-b99d-f36de1fc1d45","***","2026-10-08T00:25:28.425Z","517","Criminal Motor Vehicle Offense (incl. Road Rage/Reckless)"
"b1730953-df3c-441c-bcd2-aec336981a90","***","2026-10-08T00:39:20.103Z","19","Obstructing the Police (Fleeing/Eluding)"
"99171d2e-fa51-4e13-af24-de41a372c32f","***","2026-10-08T00:54:16.119Z","519","Drugs/Narcotics"
"28c3bae7-076e-454d-8dce-3cda672d4ecd","***","2026-10-08T01:03:21.816Z","512","Obstructing the Police (Fleeing/Eluding)"
"cb53d5ff-e6c6-4f59-97ee-8397b22c23fb","***","2026-10-08T01:48:01.283Z","589","Obstructing the Police (Fleeing/Eluding)"
"5fab4f4e-0967-4816-899d-01cdf273bfda","***","2026-10-08T02:17:47.148Z","589","Obstructing the Police (Fleeing/Eluding)"
"fc1c4f51-d12f-4b92-ba7f-9b47b4aca877","***","2026-10-08T02:49:19.706Z","512","Obstructing the Police (Fleeing/Eluding)"
"d05bbbaf-2048-4e5f-9bea-607a848851b4","***","2026-10-08T02:50:45.730Z","19","Obstructing the Police (Fleeing/Eluding)"
"5c24687d-bd2a-49ea-9dc3-89bce62d92b5","***","2026-10-08T03:03:05.878Z","589","Obstructing the Police (Fleeing/Eluding)"
"b27f0a84-0f08-477b-8cea-868687a6cf73","***","2026-10-08T03:23:50.684Z","512","Obstructing the Police (Fleeing/Eluding)"
"a585c448-9065-4004-ae27-add7690c6db6","***","2026-10-08T04:04:58.530Z","589","Obstructing the Police (Fleeing/Eluding)"
"09668db6-c49e-40a8-a41a-e5129d793a17","***","2026-10-08T04:11:09.868Z","512","Obstructing the Police (Fleeing/Eluding)"
"af9bf77d-1d33-468f-b5e6-ffa0ee0f295f","***","2026-10-08T05:20:03.844Z","589","Obstructing the Police (Fleeing/Eluding)"
"5fd5d674-ae95-4a02-b6d2-271c61d90863","***","2026-10-08T05:36:46.397Z","589","Obstructing the Police (Fleeing/Eluding)"
"17e53106-3235-41f9-9c59-391ccc93303f","***","2026-10-08T05:39:16.984Z","591","Assault/Battery Offenses (Domestic)"
"874a3edb-4f0e-467d-8173-76f1fa45c495","***","2026-10-08T05:58:52.826Z","512","Obstructing Justice"
"e63f2333-d0a4-4c46-8d76-0445988ab1da","***","2026-10-08T06:00:06.085Z","512","Obstructing Justice"
"2f95efb2-8460-48c6-a99a-088ffd7ef358","***","2026-10-08T06:00:33.918Z","512","Obstructing the Police (Fleeing/Eluding)"
"809f483a-1d22-4a7e-b99e-bf183d78b96a","***","2026-10-08T06:03:34.934Z","589","Obstructing the Police (Fleeing/Eluding)"
"0a38b934-9d00-4914-ac65-6fa15fd564a6","***","2026-10-08T06:11:21.522Z","589","Obstructing the Police (Fleeing/Eluding)"
"e398d8d9-3f39-41d3-8342-cce631a09080","***","2026-10-08T10:10:03.061Z","509","Welfare Check"
"1b8dbd95-e6fa-4c7f-8516-00da0d4f1405","***","2026-10-08T12:17:54.406Z","283","Hit and Run/Car Accident"
"e88c210a-2eb6-4ce3-89d3-0f4e62b2f644","***","2026-10-08T12:27:05.375Z","594","Destruction/Damage/Vandalism of Property"
"8fc677bb-35fc-411c-a35b-de67fe5a74db","***","2026-10-08T12:57:19.559Z","283","Wanted Person (Arrest Warrant/Fugitive)"
"acee55bc-2118-421f-8593-a99265eaf0a0","***","2026-10-08T13:04:46.702Z","598","Wanted Person (Arrest Warrant/Fugitive)"
"d9ce3a4c-4743-4110-afb3-9752a2766248","***","2026-10-08T13:42:32.726Z","283","Drugs/Narcotics"
"83f02990-cd6d-4f63-ab64-2bbbf3120d51","***","2026-10-08T13:45:37.946Z","283","Larceny/Theft Offenses"
"5114d79f-9adc-48bf-b199-866efca096dc","***","2026-10-08T14:10:25.540Z","597","Burglary/Breaking & Entering"
"6de935fd-47da-40a9-8672-a0c3e2249623","***","2026-10-08T14:43:04.111Z","283","Hit and Run/Car Accident"
"bedc1b33-f117-4cd6-a12c-f7f05398bf42","***","2026-10-08T14:51:10.805Z","597","Burglary/Breaking & Entering"
"5363aac9-5d99-481e-b8a9-21fe56d08a35","***","2026-10-08T15:07:23.107Z","597","Burglary/Breaking & Entering"
"bb7f9196-786c-4f0e-8c6a-5ea1b639aa0d","***","2026-10-08T15:08:17.340Z","283","Wanted Person (Arrest Warrant/Fugitive)"
"e89a2bf1-c00b-49b7-b05d-e727b68c52aa","***","2026-10-08T15:11:19.552Z","19","Assault/Battery Offenses"
"2662c467-33ba-4744-8132-f8ecbcb56fdd","***","2026-10-08T15:36:34.410Z","7","Larceny/Theft Offenses"
"9b093587-630f-48a4-9afa-a0c754df498d","***","2026-10-08T16:13:22.298Z","518","Hit and Run/Car Accident"
"ab813181-7005-4b7b-a767-a4f61a36e476","***","2026-10-08T16:18:50.251Z","597","Burglary/Breaking & Entering"
"a541b94a-c070-4f28-9e8d-79703bce1cc9","***","2026-10-08T16:43:07.469Z","1","Financial Crime (Embezzlement/Fraud)"
"bf4fad58-086c-4338-b3c9-f425024b46d9","***","2026-10-08T17:03:33.105Z","2","Financial Crime (Embezzlement/Fraud)"
"5590db4a-1327-4a6d-a0b6-f7af2cbfcaf7","***","2026-10-08T17:04:18.958Z","196","Drugs/Narcotics"
"c979ba10-ebd8-4f55-9990-011c032d91a9","***","2026-10-08T17:08:45.854Z","283","Wanted Person (Arrest Warrant/Fugitive)"
"8fcdab87-0004-4765-bc99-dd7f5c1f1acd","***","2026-10-08T17:10:00.314Z","19","Financial Crime (Embezzlement/Fraud)"
"1e1517b5-c7f5-4603-b296-c09962e951d8","***","2026-10-08T17:22:07.800Z","597","Burglary/Breaking & Entering"
"a7592b09-5112-443a-a617-3b7bbeea27c7","***","2026-10-08T18:04:45.201Z","283","Wanted Person (Arrest Warrant/Fugitive)"
"d94f191a-9979-446c-af5d-2ddea0e336ee","***","2026-10-08T18:06:00.727Z","19","Financial Crime (Embezzlement/Fraud)"
"b0c8fbcb-86c6-4db6-a974-fe896672a577","***","2026-10-08T18:10:13.123Z","594","Financial Crime (Embezzlement/Fraud)"
"cd70abd8-d808-48c7-9e72-184e8a86daf4","***","2026-10-08T18:18:35.388Z","2","Financial Crime (Embezzlement/Fraud)"
"3b93c28c-398a-4f79-af75-ea67aca7d2af","***","2026-10-08T18:47:30.369Z","597","Burglary/Breaking & Entering"
"babef94e-b105-4c4a-981c-fdc29cf527a1","***","2026-10-08T19:06:41.620Z","19","Financial Crime (Embezzlement/Fraud)"
"c47aabda-c14a-4a81-9d35-f9c9f8b2550b","***","2026-10-08T19:28:50.348Z","283","Hit and Run/Car Accident"
"16d8d16a-c90e-42b8-b87d-f21659815b19","***","2026-10-08T19:30:54.926Z","589","Obstructing the Police (Fleeing/Eluding)"
"1d79e975-8654-4ed2-97ca-14394519b88d","***","2026-10-08T19:43:10.420Z","519","Drugs/Narcotics"
"161a6f69-36b7-4590-a5fa-7d9397cb7be0","***","2026-10-08T21:05:56.695Z","1","Hit and Run/Car Accident"
"53daef53-5b70-4cd1-be2c-18c63f75b802","***","2026-10-08T21:12:55.816Z","5415","Financial Crime (Embezzlement/Fraud)"
"a82d6bc1-68d3-4bb0-9674-1d9e82de6280","***","2026-10-08T22:01:06.161Z","519","Drugs/Narcotics"
"857f965d-cab5-448c-8eec-461107105c3d","***","2026-10-08T22:21:52.045Z","595","Hit and Run/Car Accident"
"a57a2785-fcb9-4566-bee7-7ecee14f053c","***","2026-10-08T22:24:27.738Z","594","Financial Crime (Embezzlement/Fraud)"
"97d84251-d245-42f9-ada4-49ada3351321","***","2026-10-08T23:01:16.934Z","5414","Financial Crime (Embezzlement/Fraud)"
"8c77b32a-f694-46b4-bcc6-984bbb04cfe9","***","2026-10-08T23:14:08.290Z","517","Financial Crime (Embezzlement/Fraud)"
"3996d3bc-4112-4e57-b8ab-ae1c9ded2bba","***","2026-10-08T23:49:56.727Z","589","Obstructing the Police (Fleeing/Eluding)"
"043e719b-e767-4080-8e63-1502f75bc344","***","2026-10-09T00:00:48.789Z","598","Wanted Person (Arrest Warrant/Fugitive)"
"c13c7762-4543-41ef-b1e1-c14f74357a6a","***","2026-10-09T00:23:56.873Z","519","Drugs/Narcotics"
"1e43ce63-2da1-491b-8c81-a736435287b0","***","2026-10-09T01:24:51.973Z","598","Motor Vehicle Theft/Stolen"
"495a255a-cf6f-4141-b4e6-6963816e9f36","***","2026-10-09T01:31:47.936Z","598","Wanted Person (Arrest Warrant/Fugitive)"
"401d7104-079f-42f1-9567-80016e8b9d3d","***","2026-10-09T01:32:57.721Z","592","Counterfeiting/Forgery"
"a3cb1ef9-c467-4ec1-8560-dddc7c0e42b9","***","2026-10-09T02:05:44.164Z","592","Counterfeiting/Forgery"
"67388e49-55d6-49ad-a6b6-8cb125c9dd90","***","2026-10-09T02:09:47.547Z","598","Weapons Offense (Guns/Shots Fired)"
"30529b7f-537e-445f-afa3-40b976e17b73","***","2026-10-09T04:37:27.309Z","598","Motor Vehicle Theft/Stolen"
"4ce0c026-bdf0-4df6-a6ac-97e7f2623d33","***","2026-10-09T05:13:45.133Z","589","Obstructing the Police (Fleeing/Eluding)"
"df9de4b1-3d9f-4083-b9ed-5617b2872ab8","***","2026-10-09T05:56:04.003Z","592","Counterfeiting/Forgery"
"0b641803-9e89-4e01-bbde-2fb0e39697b3","***","2026-10-09T09:58:33.557Z","2",""
"345fcdc3-77fa-4b34-ab8d-92f6e23f934a","***","2026-10-09T10:00:58.314Z","2",""
"29805776-cb32-4e68-b768-8f066b3f71ef","***","2026-10-09T10:54:13.319Z","569","Traffic Infraction"
"70509da5-637d-4362-ba4a-4955e826639a","***","2026-10-09T12:07:43.858Z","5414","Financial Crime (Embezzlement/Fraud)"
"8ece3bd1-2a13-4aa7-ae2b-3d09b945f3a7","***","2026-10-09T13:08:10.931Z","516","Financial Crime (Embezzlement/Fraud)"
"1207d3e2-e616-44c8-8d1f-898e35c1b365","***","2026-10-09T13:26:42.162Z","282","Financial Crime (Embezzlement/Fraud)"
"75d0ea1d-f990-4f61-90c9-62c727e393cb","***","2026-10-09T14:07:58.305Z","5402","Assault/Battery Offenses (Domestic)"
"87e9823e-5c19-46d3-a1eb-9326a8cb2baf","***","2026-10-09T14:16:48.384Z","598","Missing/Endangered Person/Runaway"
"26242312-a7a3-49ef-b06b-1e7972acd927","***","2026-10-09T14:20:16.798Z","19","Financial Crime (Embezzlement/Fraud)"
"bb91402e-7f1b-4fea-9675-7381abde451a","***","2026-10-09T14:39:37.106Z","599","Financial Crime (Embezzlement/Fraud)"
"cce2fba2-ff20-48f2-ae1d-bb40407af8e5","***","2026-10-09T15:54:20.896Z","595","Assault/Battery Offenses"
"0eda9c91-a7c0-4961-a6dc-88ff343d6d71","***","2026-10-09T16:24:23.378Z","598","Missing/Endangered Person/Runaway"
"b7310225-b872-4963-84f0-97c06cc329d2","***","2026-10-09T18:21:38.582Z","5364","Animal Offenses (cruelty/neglect)"
"5aa4f5d4-c55d-4fb9-b15b-797e63655448","***","2026-10-09T19:21:15.774Z","283","Assault/Battery Offenses (Domestic)"
"ef15a1d8-46e8-43cd-b8df-c17cb578c51f","***","2026-10-09T19:26:43.960Z","5","Financial Crime (Embezzlement/Fraud)"
"0fb5cca1-00a2-4869-9838-08e2ce22fdcd","***","2026-10-09T20:14:15.760Z","283","Assault/Battery Offenses (Domestic)"
"b0bfbad3-0213-4074-bd0e-6ef74f4f9257","***","2026-10-09T20:24:59.283Z","592","Animal Offenses (cruelty/neglect)"
"c10bb55e-df67-4ea7-9226-40db3ddecaab","***","2026-10-09T23:05:48.973Z","5421","Burglary/Breaking & Entering"